156 156
-42.312500 -42.307500 -42.302500 -42.297500 -42.292500 -42.287500 -42.282500 -42.277500 -42.272500 -42.267500 -42.262500 -42.257500 -42.252500 -42.247500 -42.242500 -42.237500 -42.232500 -42.227500 -42.222500 -42.217500 -42.212500 -42.207500 -42.202500 -42.197500 -42.192500 -42.187500 -42.182500 -42.177500 -42.172500 -42.167500 -42.162500 -42.157500 -42.152500 -42.147500 -42.142500 -42.137500 -42.132500 -42.127500 -42.122500 -42.117500 -42.112500 -42.107500 -42.102500 -42.097500 -42.092500 -42.087500 -42.082500 -42.077500 -42.072500 -42.067500 -42.062500 -42.057500 -42.052500 -42.047500 -42.042500 -42.037500 -42.032500 -42.027500 -42.022500 -42.017500 -42.012500 -42.007500 -42.002500 -41.997500 -41.992500 -41.987500 -41.982500 -41.977500 -41.972500 -41.967500 -41.962500 -41.957500 -41.952500 -41.947500 -41.942500 -41.937500 -41.932500 -41.927500 -41.922500 -41.917500 -41.912500 -41.907500 -41.902500 -41.897500 -41.892500 -41.887500 -41.882500 -41.877500 -41.872500 -41.867500 -41.862500 -41.857500 -41.852500 -41.847500 -41.842500 -41.837500 -41.832500 -41.827500 -41.822500 -41.817500 -41.812500 -41.807500 -41.802500 -41.797500 -41.792500 -41.787500 -41.782500 -41.777500 -41.772500 -41.767500 -41.762500 -41.757500 -41.752500 -41.747500 -41.742500 -41.737500 -41.732500 -41.727500 -41.722500 -41.717500 -41.712500 -41.707500 -41.702500 -41.697500 -41.692500 -41.687500 -41.682500 -41.677500 -41.672500 -41.667500 -41.662500 -41.657500 -41.652500 -41.647500 -41.642500 -41.637500 -41.632500 -41.627500 -41.622500 -41.617500 -41.612500 -41.607500 -41.602500 -41.597500 -41.592500 -41.587500 -41.582500 -41.577500 -41.572500 -41.567500 -41.562500 -41.557500 -41.552500 -41.547500 -41.542500 -41.537500
171.136600 171.141600 171.146600 171.151600 171.156600 171.161600 171.166600 171.171600 171.176600 171.181600 171.186600 171.191600 171.196600 171.201600 171.206600 171.211600 171.216600 171.221600 171.226600 171.231600 171.236600 171.241600 171.246600 171.251600 171.256600 171.261600 171.266600 171.271600 171.276600 171.281600 171.286600 171.291600 171.296600 171.301600 171.306600 171.311600 171.316600 171.321600 171.326600 171.331600 171.336600 171.341600 171.346600 171.351600 171.356600 171.361600 171.366600 171.371600 171.376600 171.381600 171.386600 171.391600 171.396600 171.401600 171.406600 171.411600 171.416600 171.421600 171.426600 171.431600 171.436600 171.441600 171.446600 171.451600 171.456600 171.461600 171.466600 171.471600 171.476600 171.481600 171.486600 171.491600 171.496600 171.501600 171.506600 171.511600 171.516600 171.521600 171.526600 171.531600 171.536600 171.541600 171.546600 171.551600 171.556600 171.561600 171.566600 171.571600 171.576600 171.581600 171.586600 171.591600 171.596600 171.601600 171.606600 171.611600 171.616600 171.621600 171.626600 171.631600 171.636600 171.641600 171.646600 171.651600 171.656600 171.661600 171.666600 171.671600 171.676600 171.681600 171.686600 171.691600 171.696600 171.701600 171.706600 171.711600 171.716600 171.721600 171.726600 171.731600 171.736600 171.741600 171.746600 171.751600 171.756600 171.761600 171.766600 171.771600 171.776600 171.781600 171.786600 171.791600 171.796600 171.801600 171.806600 171.811600 171.816600 171.821600 171.826600 171.831600 171.836600 171.841600 171.846600 171.851600 171.856600 171.861600 171.866600 171.871600 171.876600 171.881600 171.886600 171.891600 171.896600 171.901600 171.906600 171.911600
-1651.117400 -1648.752800 -1647.931300 -1645.556800 -1714.422200 -1758.994600 -1767.864200 -1798.315800 -1783.987500 -1769.867400 -1764.733800 -1753.371400 -1760.707500 -1761.025800 -1758.027000 -1738.503800 -1744.814900 -1735.105600 -1716.009200 -1667.353300 -1572.427100 -1348.693100 -924.899700 -469.763900 -71.276600 109.161000 116.142700 45.902100 28.182200 65.231800 224.599900 366.912700 363.279500 499.153600 627.949500 620.277200 507.815000 486.132500 514.757700 494.322300 476.792500 343.950200 400.508900 521.651300 738.678900 944.047900 1039.657000 959.027800 816.569400 784.595100 674.692200 459.487700 379.210800 501.005500 557.672100 497.524600 634.252400 749.778900 683.263700 437.388600 272.789000 189.883200 139.754800 120.037100 125.541200 148.926000 142.431600 149.790400 128.583300 154.135800 174.196000 142.229900 146.145000 92.721800 90.726400 131.854700 154.299200 137.629000 88.262900 75.006700 69.050900 73.124400 75.277400 67.118000 64.096700 65.421700 66.586300 68.410700 69.739300 71.751900 71.642300 72.714500 74.257000 75.189200 77.668000 79.245200 78.763200 88.044500 98.810600 113.406500 118.525200 123.980400 119.572000 222.467400 259.725000 212.701200 250.810700 242.029700 284.434100 250.960000 237.533900 253.710700 263.289800 168.581600 136.502900 123.754600 123.421300 131.118400 137.921600 153.947700 176.201800 216.736800 222.860800 224.064800 225.897500 229.698700 233.751300 239.314300 241.410900 246.732300 256.035600 294.033500 337.603700 343.340700 351.293200 347.454600 362.009400 404.696400 399.937400 372.699700 342.712500 316.084400 327.793300 336.410300 359.279100 372.608500 387.194900 391.082400 405.724600 435.573700 478.877800 532.548700 570.038100 587.329200 719.063800 846.649100 
-1726.523100 -1741.405000 -1754.219500 -1768.077600 -1807.294900 -1803.846700 -1809.720600 -1849.365400 -1848.885900 -1853.064300 -1853.189100 -1850.732400 -1857.211100 -1863.463900 -1871.433700 -1870.502800 -1893.088900 -1920.319400 -1931.970900 -1922.004300 -1910.622500 -1817.338200 -1302.009200 -412.079600 148.267400 276.643200 242.550900 153.154500 58.980600 15.488300 57.816500 166.709800 263.914100 378.371600 568.330900 736.424400 685.039200 745.890000 744.344200 718.799000 653.809500 626.324300 482.161800 497.625200 626.378200 796.042500 983.635900 1034.684400 946.580200 784.752800 588.876700 412.681900 415.075700 528.212600 638.964600 643.974400 777.881900 811.665800 679.502800 508.429300 377.159800 240.364700 157.954100 131.465300 151.129100 171.229800 173.746100 182.133400 178.796200 205.411600 162.004200 164.423400 146.054100 91.200900 102.331800 159.031900 158.805000 146.180400 89.919200 80.014700 74.336500 86.043700 103.233300 83.230300 78.073000 68.672800 68.996200 69.412500 70.596100 71.388300 72.210800 73.567700 75.710200 75.801400 77.629000 78.575900 80.368800 82.023200 83.243300 91.243300 104.918800 112.696600 135.439000 157.682300 186.664600 212.938200 203.084700 195.416200 216.699100 240.387800 263.453200 225.201800 135.620500 119.014200 117.196400 132.981900 142.009800 148.838800 161.800500 180.898600 213.403900 216.279200 217.352900 218.862800 220.824000 223.836500 227.710400 230.948900 235.050900 244.988900 268.110200 272.636500 305.952100 329.751500 315.655100 336.334500 359.385900 311.504300 313.875600 357.677300 383.220700 425.955800 451.621700 452.297300 425.230300 412.367800 443.762900 453.079200 469.703100 512.995400 600.526000 690.639300 803.709300 846.135000 809.709000 866.789700 
-1873.154900 -1882.710400 -1888.033000 -1890.409000 -1920.456100 -1927.230200 -1934.156000 -1925.491400 -1914.020400 -1931.842800 -1940.617400 -1938.089300 -1939.123200 -1949.099500 -1962.858200 -1971.628200 -1979.475600 -2002.648400 -2000.745200 -1998.073000 -2017.646200 -2082.187900 -1767.932500 -647.326000 227.550000 387.303200 378.577100 248.060600 106.973900 16.680600 137.530900 302.253500 415.125600 485.157500 556.325600 752.284100 877.218100 916.829000 966.167300 885.457100 868.518400 745.662400 622.862500 624.436500 515.337000 765.370900 958.733200 1061.007800 904.613900 744.427500 570.305900 597.131600 480.200000 522.920400 694.932700 679.347300 832.233600 867.445300 749.804500 572.982500 407.308600 272.365400 173.099800 120.038300 128.680500 173.525100 221.972800 202.913400 225.775800 211.655800 184.800500 155.595500 104.370900 146.674300 101.803700 184.526200 181.055900 115.273900 87.662200 79.626900 77.856400 103.541400 128.573200 134.041400 113.798200 89.208200 80.106300 74.293700 71.278800 72.971300 73.814500 75.242800 76.400100 78.361000 80.422300 80.879600 83.289200 84.299000 84.232700 85.103500 88.586100 108.661000 119.083100 122.320700 128.896400 138.691100 151.967400 238.181500 283.577500 293.387300 190.083200 107.623900 114.240800 116.031900 134.464900 143.230400 153.378400 164.638600 168.684900 189.617000 212.604300 212.134500 211.856500 213.537900 216.511700 219.643000 223.980900 232.772500 251.259300 265.727100 258.874300 244.614000 258.995900 274.015800 272.593100 303.449300 329.909800 319.900600 352.805600 367.226100 376.151300 413.004100 377.051200 402.760200 408.459200 408.570900 492.087900 523.148300 524.408800 597.249400 701.623000 856.488000 965.829500 984.124500 1038.955200 1094.792600 
-1915.663400 -1927.688200 -1931.473600 -1932.330900 -1961.801900 -1966.707200 -1976.463900 -1975.513700 -1965.794400 -1963.125200 -1965.008100 -1970.245300 -1973.104800 -1981.144300 -1991.689400 -1999.745900 -2000.628900 -2004.968300 -2000.073300 -1996.044500 -1999.110400 -2059.695400 -1946.318600 -1097.950900 -33.265900 415.331700 471.684000 351.791800 174.339000 60.942300 80.648400 266.778000 508.989800 679.359400 736.011600 804.160800 836.062800 782.808600 881.020200 1005.923800 1005.651600 917.832500 876.744900 763.233000 525.178500 738.594200 943.519700 1035.577900 882.051600 782.566600 804.342700 828.021600 662.315900 585.537000 643.777000 700.082500 825.914500 845.267100 667.370900 546.242100 412.408900 268.612600 182.634700 138.559300 128.151200 127.009800 180.551300 247.861200 270.109500 234.459400 199.325800 131.653300 157.641400 160.015800 123.448900 194.085000 164.900700 108.723700 83.515500 82.133900 83.262700 113.474900 137.011000 136.285200 134.164900 132.318200 103.931800 89.314500 88.474500 74.755900 74.249500 75.162600 76.396700 79.090900 80.174800 82.123900 82.504300 85.170800 85.762100 87.464700 88.103200 90.082800 95.140200 108.921700 128.219000 132.141300 178.091600 218.076900 192.763800 133.396500 108.741900 110.368500 112.034900 126.532900 140.150500 152.141100 158.836400 161.651300 169.442900 203.152800 205.904000 207.058500 205.754600 209.065900 213.959800 219.027600 230.155000 250.758900 254.754400 248.528700 226.158900 263.702900 320.781700 351.615700 374.304100 383.426400 406.412400 418.554000 430.195800 514.832800 496.073000 477.110100 435.935000 440.197900 485.952900 408.718900 419.735000 558.000300 578.186100 694.195500 874.835500 971.328200 1043.503300 1078.859000 1085.388400 1120.576000 
-1956.842600 -1959.637400 -1962.021500 -1964.781400 -1983.278900 -1989.264400 -1989.153300 -1989.169700 -1986.050300 -1985.739900 -1987.609700 -1986.561800 -1990.722200 -1996.227700 -1998.334600 -2003.144200 -2007.266900 -2005.661000 -2001.838700 -1999.438100 -1999.952900 -2017.936700 -2105.315100 -1543.539000 -358.427800 328.625600 464.883300 397.631300 232.469400 71.412100 38.060300 141.507600 393.971000 525.159000 689.408800 675.384800 650.697600 545.303400 645.292500 785.265100 878.087700 958.485100 982.811100 798.920800 581.623500 669.324800 908.654400 1049.960400 1057.034900 998.611400 998.913500 929.476000 795.331000 665.405700 626.609400 702.545700 856.146400 756.415200 547.491500 420.079100 330.414900 272.052800 230.574300 189.505600 162.168400 142.702300 141.248500 177.616200 258.232500 217.247500 165.388900 141.400800 214.632100 189.029200 161.517100 202.429100 112.585700 99.741500 86.963500 85.945000 99.614000 111.694900 137.633000 138.385100 136.295000 141.970500 130.431300 138.153700 108.859700 99.420800 87.461300 79.105900 77.413800 79.251800 79.924700 81.565600 84.210200 85.582100 88.074800 89.174900 91.645600 91.648700 93.169600 95.298300 98.296500 112.150300 126.757900 126.871100 116.834700 107.063300 106.162900 108.731900 118.871400 141.522500 148.197300 153.412700 157.338100 157.388500 171.458500 204.804800 201.432100 198.143300 198.371300 214.918300 236.083200 244.995700 248.046400 250.443900 240.649100 209.555400 231.621600 302.462400 357.143700 392.455800 401.256300 422.443300 428.034600 439.305400 485.610700 521.015700 504.998700 511.503400 537.221100 545.831200 593.918600 557.016800 471.022200 451.984100 548.811300 626.238200 765.043300 931.258700 1014.056400 1041.333000 1027.719800 1033.029100 
-1981.152200 -1982.476900 -1984.167300 -1985.703500 -1995.785600 -1997.780500 -1997.426000 -1997.103900 -1995.403800 -1995.334400 -1996.339000 -1995.504200 -1997.001800 -1999.031100 -1999.955400 -2002.410900 -2002.866500 -2002.928800 -1999.949900 -1998.193200 -1995.830400 -2017.514000 -2052.983300 -1780.612900 -726.000100 156.088700 441.319800 445.706500 330.618200 152.940300 35.528200 100.507200 330.969300 568.815200 588.639500 478.297900 456.312300 388.727900 393.304500 520.174300 615.382600 784.797500 997.813900 897.294400 722.336100 604.998500 692.626800 861.187400 991.381200 1072.132500 989.086900 898.044600 785.605400 668.661100 661.520000 788.760500 903.461500 811.558300 683.364100 629.777600 456.665100 319.383700 236.521400 201.459800 187.944200 197.445700 192.507500 159.412000 184.053000 172.764000 149.664800 161.722000 197.439000 153.255700 221.788900 152.856500 113.601000 98.528400 92.371700 94.148900 110.767300 109.728800 140.480100 139.752200 146.109400 148.255600 145.673300 148.271300 141.222900 155.852800 134.308000 98.077200 86.610800 83.736300 83.409000 82.210700 83.547000 85.446600 87.580400 89.032900 90.961200 92.579300 93.188600 94.043900 96.309900 98.496400 99.683900 100.679400 103.332300 104.816700 107.253700 115.198700 127.634500 137.096500 146.512300 151.566500 152.443900 157.726400 190.400400 198.511800 189.968900 208.252500 216.133000 236.620700 239.989000 234.909200 236.408200 218.149700 192.145600 208.999400 272.418500 327.957700 379.068600 387.994600 398.301100 415.725800 470.349200 494.574100 544.866400 544.882400 531.746700 599.771200 646.158500 671.563200 710.145200 705.445100 558.566800 417.933500 493.454800 564.212000 643.992000 744.491800 837.617900 892.724900 873.631800 914.925800 
-2002.406500 -2002.623100 -2002.957400 -2003.187800 -2005.475500 -2004.899800 -2004.554000 -2004.779800 -2004.310900 -2004.752100 -2003.511300 -2001.702700 -2001.964200 -2000.448200 -2000.256400 -2000.186400 -2000.512400 -2000.326200 -2000.030500 -1999.664500 -1993.167200 -1984.959800 -1996.896900 -1907.018800 -1193.104400 -131.015300 400.457700 469.449400 388.447800 222.955100 54.281200 29.951100 214.524800 416.511600 382.293000 293.170500 282.268700 318.009500 434.430700 504.473800 613.230600 792.096100 980.450400 1005.191900 927.880300 822.265100 671.647400 830.980000 1025.589600 969.435300 834.581000 726.987200 710.691200 696.876600 770.008800 845.514700 934.164300 968.924600 890.584400 715.105900 563.666700 435.954500 330.234600 270.451000 214.838000 239.402600 252.556300 187.981000 177.479100 193.175100 211.499300 214.073500 165.982800 202.594000 214.438600 138.638600 116.660200 101.862800 97.646500 104.898600 118.133600 126.803800 136.220700 144.250300 149.497800 149.914500 146.391600 157.062500 153.409500 157.678600 152.590900 130.673000 103.133300 99.992900 106.362100 95.725400 86.162900 86.069600 87.378000 88.739400 89.629300 91.734200 93.317100 95.200400 96.272200 97.570200 101.856100 101.555600 103.436500 107.260200 111.951100 122.359400 133.156700 139.157900 146.212600 147.008300 149.759500 180.502700 194.913600 185.473500 202.456300 211.140800 219.695600 230.938200 215.845800 188.168500 176.445600 209.238000 268.652100 314.369800 335.963500 354.703800 359.041700 358.892400 383.570100 398.747500 409.897900 419.470900 482.715000 522.934500 593.119500 665.568300 687.661900 720.319800 777.155300 782.973700 727.395900 522.338200 462.824800 493.386500 557.295900 596.232500 650.735700 678.646400 697.435800 723.492000 
-2023.135100 -2023.512100 -2024.130500 -2024.232200 -2025.935400 -2025.743000 -2022.940800 -2020.721300 -2019.087300 -2016.840600 -2014.152600 -2011.325100 -2007.708200 -2004.071700 -2000.047600 -2001.051900 -2002.780600 -2003.435000 -2003.273900 -2001.356700 -1998.750400 -1995.961200 -2022.251000 -2110.895900 -1689.084700 -506.762800 289.104900 509.643400 461.027500 314.197400 120.946000 47.122100 20.568100 104.956900 138.559300 242.744600 334.342800 488.771900 612.618000 705.645800 714.698700 836.165500 962.468500 1087.510200 1077.463800 993.612700 787.358400 938.859700 1105.360400 944.203900 759.860700 841.695600 896.860700 937.105600 966.363200 959.017800 906.921000 1002.309000 920.566000 741.178200 589.661200 441.823900 306.871200 258.281400 274.128200 264.570300 225.264400 195.960700 232.043300 294.315600 269.608100 245.110600 274.670700 261.240000 202.690700 129.966500 116.587200 108.151800 104.184500 120.165400 124.521000 135.437400 135.822700 150.793800 154.711100 158.575700 157.166400 154.502600 163.716900 165.711500 163.131800 155.711900 113.758600 101.457900 108.715700 111.679800 111.460100 104.884300 98.412700 92.388600 91.038600 98.112700 98.576600 97.887200 99.211600 100.926200 103.333600 104.224000 105.537000 110.518800 119.141000 128.699500 136.942100 143.046800 141.860900 147.004300 162.455400 191.365600 187.754900 180.642900 201.255300 210.689900 219.299100 184.749800 170.178800 210.951000 277.194300 326.011200 351.250600 361.391400 360.617300 328.930900 317.910500 355.981900 335.999800 377.692900 413.040000 451.729300 510.763900 528.682600 583.032600 626.794000 699.298600 755.878200 849.557900 858.242000 837.250800 746.383000 636.155200 571.758100 621.833600 630.594600 772.230600 771.702800 779.340100 721.951300 
-2038.475500 -2039.149600 -2039.467700 -2039.681400 -2043.674400 -2047.402200 -2044.898100 -2041.087100 -2032.519400 -2027.326900 -2022.669500 -2018.286600 -2011.854500 -2005.862400 -2000.461100 -2001.630600 -2005.970700 -2007.166300 -2006.358100 -2004.273900 -2000.679500 -2000.128100 -1998.149100 -2104.468800 -1899.040100 -927.425400 112.355300 466.780100 518.756100 412.259900 251.049400 113.881100 44.645600 6.737300 15.579200 153.873100 351.792600 517.034500 674.871000 792.478100 790.959400 806.175800 914.899800 939.714700 1019.936000 1080.933000 977.401200 1029.380100 1099.720700 983.534600 861.066000 988.664000 1051.710100 1020.546400 954.900500 847.854600 649.994000 734.819900 800.993300 702.145600 663.717700 499.888300 338.214000 294.564900 236.752100 207.350000 204.110000 234.888000 306.192000 340.717300 338.680600 370.142400 367.306900 301.683100 227.821600 137.886300 121.902200 113.491200 111.229400 131.157600 130.935300 137.567800 141.961700 152.005700 165.156700 170.915700 166.334700 165.543500 168.916800 178.661200 181.525100 154.890300 116.411100 116.229100 119.469600 136.251000 120.842000 120.417600 121.150700 115.487600 111.963700 107.395800 104.930600 101.167200 102.719100 104.136100 104.850300 107.551600 109.101900 109.480600 117.050300 133.773300 136.674300 139.869500 142.037800 165.218500 184.582000 181.567100 176.743800 189.367200 200.313900 207.742900 177.057200 168.756400 256.086500 325.914600 337.334200 349.170600 350.971900 346.835400 329.901900 350.562200 359.303600 334.812700 346.989300 363.742000 381.608000 412.820000 458.597600 525.670200 608.578300 679.362600 737.953800 784.618700 827.725700 773.940000 846.851900 855.833200 811.598600 767.289000 732.784700 728.708100 775.622900 845.830600 884.288900 853.381300 
-2048.059100 -2048.914300 -2049.826000 -2050.205800 -2058.286100 -2064.153900 -2061.814300 -2057.884700 -2052.994300 -2039.014900 -2030.839400 -2022.386300 -2014.736900 -2007.806400 -2001.298000 -2002.774500 -2008.791400 -2011.296000 -2011.225200 -2007.322400 -2001.100400 -1999.758100 -1993.254300 -2040.490400 -2121.979100 -1395.479000 -233.318400 406.204900 528.967300 519.657300 399.226800 226.658700 157.896900 65.570200 27.177600 48.121400 210.183300 435.027300 503.708200 660.357900 590.938200 548.922100 660.803900 734.181500 775.923000 931.929400 1118.585600 1053.090900 1011.498600 1104.734400 1096.296800 1026.177200 881.267300 765.447200 720.608800 717.861300 631.090900 494.013800 553.300900 512.299900 512.098400 397.012900 275.127600 230.022700 255.206500 281.454400 247.448600 241.867100 334.743300 388.225700 406.815800 345.138100 268.535800 236.832600 222.603600 215.836500 152.401500 120.509100 116.083400 134.148000 137.913800 141.998700 150.515300 169.060300 169.639700 182.181400 178.006500 173.658100 174.326100 180.962200 179.105000 150.023000 128.684700 137.273700 124.339700 183.007100 164.503300 141.367000 133.981300 135.111600 131.282700 128.772200 123.463200 113.090300 106.379900 107.678700 109.549600 111.593900 109.914600 112.426700 113.273900 123.078500 136.516000 153.545900 176.075800 176.857700 177.316300 163.402400 174.832500 195.396100 195.699700 180.847000 168.449800 242.188100 318.025000 328.616900 327.794500 322.760400 320.947600 332.280800 280.513200 312.569500 426.403500 459.175500 452.880100 454.737500 452.865900 472.450000 478.644000 555.616300 643.741600 684.226900 658.373400 693.990700 638.760000 762.646400 775.799600 827.762200 752.778800 700.072500 693.606400 722.328600 749.384600 809.407100 840.607000 804.287400 
-2052.751400 -2053.934800 -2054.664200 -2055.280200 -2065.724800 -2074.183400 -2072.473800 -2068.891600 -2063.448300 -2056.277800 -2042.472500 -2026.694600 -2017.707200 -2008.850500 -2002.007900 -2003.339700 -2010.650800 -2013.332700 -2014.842900 -2011.069000 -2003.920200 -1999.702900 -2003.415000 -2015.565400 -2129.313600 -1784.216300 -591.589300 280.535700 539.211600 606.109500 539.451500 401.732700 246.025100 156.717700 84.473800 37.460300 19.433700 188.501200 341.230100 514.995900 462.333900 403.064100 411.529500 498.706400 571.187000 732.781500 961.129500 967.755300 801.474600 931.548400 1116.601600 1061.486300 926.795800 797.997600 670.982100 561.956000 494.150000 415.608000 377.896300 388.135800 346.595800 365.741200 371.473000 378.251400 424.689700 380.700300 313.851500 228.990600 250.606000 332.671400 326.062600 295.379400 302.755000 284.710000 325.418800 324.719900 226.753200 138.555700 121.943200 127.901700 144.535400 151.494200 164.655800 176.248400 180.876300 189.532200 185.551000 180.859600 180.534900 184.543600 176.502000 133.175400 140.174300 149.010600 130.369000 155.701700 193.682700 191.245300 165.054000 141.080600 145.641200 144.762600 134.423800 126.385200 116.481900 112.081900 113.124600 115.963400 113.992400 112.180600 114.322100 112.881100 161.593600 167.124400 171.516700 172.613600 163.917300 157.640300 185.209000 183.921700 169.399000 153.213500 210.528100 266.883000 316.141500 310.299900 316.542800 297.027800 271.264100 276.979500 238.176600 327.957500 412.358400 523.240800 579.806600 515.751400 471.045900 397.347400 415.847800 476.234900 521.829700 595.003800 586.941900 586.779400 551.093600 648.416700 712.521000 698.425900 671.749800 728.043500 758.767900 764.644900 771.799300 737.088900 729.738900 753.022000 
-2052.255500 -2053.705600 -2054.725800 -2055.660700 -2067.233900 -2078.260400 -2076.740600 -2074.020400 -2068.615700 -2060.297200 -2050.386000 -2038.547400 -2018.819300 -2009.651400 -2002.001500 -2002.746300 -2010.156400 -2015.237700 -2017.093700 -2013.380000 -2005.489000 -1999.597800 -2002.467000 -2002.930600 -2135.632200 -1942.797100 -899.510600 123.470800 553.124200 681.466400 666.004100 532.384600 356.517200 220.529300 148.895800 92.446400 11.670000 49.209000 223.347900 357.032000 231.910900 238.855600 404.199700 489.921100 639.899500 758.748200 747.687900 780.926500 662.666000 702.217500 840.940300 983.252200 1037.201800 930.474800 853.407100 745.053200 645.401200 522.213800 523.285600 507.291700 536.297000 596.491900 491.596300 536.957800 634.142300 491.127600 340.531100 291.447800 331.986400 349.149200 336.622100 326.417700 280.831800 229.623000 219.284300 198.220400 194.815000 196.266400 149.488600 132.609700 149.657800 151.867700 188.028300 174.452200 191.473500 189.871400 191.667000 192.857200 188.406800 184.399300 149.658400 158.143900 162.123000 160.184000 154.790400 139.523700 190.295200 200.778100 199.970000 183.504900 170.096000 171.166600 144.411100 133.754400 120.280900 115.291900 118.420400 119.724700 120.633900 115.759100 114.602700 112.648900 152.470400 163.834300 167.665900 143.671900 156.588700 153.485700 150.621200 143.644300 154.436500 228.871600 288.700200 265.267900 282.197400 312.060800 302.860800 234.354400 224.759500 270.436900 265.774200 304.487400 387.431700 504.218700 576.138000 522.134200 403.225300 467.528600 505.537600 470.555800 419.697100 445.822100 502.148900 472.801400 587.924500 651.206000 668.929100 652.362500 749.970000 711.768200 721.963700 742.888100 758.703700 738.751900 740.111000 755.705700 
-2048.702600 -2050.042200 -2051.004100 -2052.155100 -2064.891600 -2077.243600 -2075.733700 -2072.551500 -2066.888600 -2059.018300 -2049.413800 -2030.720100 -2018.810200 -2009.508700 -2002.195000 -2002.949000 -2010.826100 -2015.871000 -2017.512800 -2014.306600 -2006.903400 -1999.937300 -2001.541900 -1994.719800 -2113.033000 -2016.577100 -1166.827700 -9.747200 518.044500 695.594400 726.674900 656.176000 461.843300 335.562200 215.935200 94.801200 22.529400 30.557400 87.891600 230.564300 282.710400 437.559900 570.693700 679.084200 770.123200 628.210600 542.575100 527.907300 489.999900 568.543100 750.077700 934.442700 1053.565300 1088.258900 990.324300 807.703000 621.807700 691.095900 624.329600 553.564300 709.999700 725.750200 595.488600 663.745700 691.434500 522.527600 370.108800 377.861200 433.196300 383.480200 275.167400 255.577500 229.635600 185.137100 203.894300 219.869200 291.758000 303.505200 251.321800 152.857900 158.059600 156.272800 193.703200 191.416800 188.514100 202.352700 205.829300 200.537900 198.647200 188.345100 158.381400 192.898300 156.903100 185.039200 173.531800 161.115700 169.526300 195.832500 204.827400 188.333700 191.811400 203.416400 169.802000 138.491400 123.692100 118.085200 122.225900 125.110300 125.010400 115.253600 116.879100 117.878800 119.481700 121.586700 122.294000 127.018100 134.657200 147.813900 172.203400 257.116400 283.143300 269.234800 225.593800 252.704800 280.960300 301.590800 240.174400 185.472600 234.061900 302.209000 338.259300 385.470900 446.601800 494.759600 436.019400 430.409800 459.498800 549.740300 562.001300 535.396800 495.160500 534.105100 568.500200 512.435600 509.054800 533.635200 588.952700 713.946700 796.919100 764.004800 790.835900 745.400500 740.470200 732.303900 766.218200 790.358500 
-2041.469200 -2043.101500 -2043.848500 -2044.206900 -2056.398100 -2070.010000 -2067.518300 -2063.464900 -2058.059400 -2051.385800 -2042.148600 -2024.492400 -2016.034800 -2008.171500 -2002.296900 -2004.218900 -2009.243800 -2014.776000 -2016.335000 -2013.986700 -2008.041300 -2002.428100 -2000.303100 -1999.503900 -2031.941000 -2062.036800 -1449.143400 -244.801500 445.200000 691.866900 756.293700 723.780500 622.308200 469.931200 293.963700 166.589500 85.834800 68.358600 134.161900 289.503600 380.891000 404.257300 473.777700 596.017700 737.343600 652.011500 481.708700 367.971000 461.783200 625.932000 718.872800 812.232200 902.496900 1035.841500 1013.103600 859.566900 809.018600 799.231700 692.643800 715.726300 754.826500 868.584200 758.550800 719.757300 567.657300 453.267200 411.915800 469.249200 473.791400 344.500700 283.246000 225.765600 224.888200 212.107200 219.568900 280.910300 349.251900 325.505200 232.927100 176.598000 168.147400 172.140700 210.168800 204.662900 193.897100 212.752400 213.457700 212.646000 218.458600 201.128700 185.559200 195.600000 193.476200 206.256400 192.708200 176.161400 175.649200 185.844200 206.347500 203.809800 204.502500 214.251600 187.829800 142.695400 124.190700 124.153400 127.906700 131.957900 163.219000 124.441600 115.160000 123.205800 122.618700 125.245600 130.918300 156.687300 196.543600 233.551300 262.802700 280.928900 244.003600 233.200700 217.370200 243.358900 265.776700 237.168300 176.138100 237.615800 294.950600 307.224200 292.443200 335.278900 395.070500 377.945900 368.256600 436.282100 501.378300 531.075100 557.457300 533.599100 505.833100 531.334900 607.891000 669.329200 642.256400 690.426300 580.092400 732.630900 757.985500 722.258600 793.122900 724.202900 699.545700 755.124700 804.475000 817.929400 
-2031.527900 -2032.635700 -2033.005700 -2033.449000 -2043.615000 -2056.810100 -2054.124600 -2050.305200 -2045.674300 -2040.079500 -2028.487300 -2019.688600 -2013.834700 -2006.547500 -2001.770300 -2002.623300 -2007.422800 -2011.434700 -2012.635400 -2012.615800 -2007.259200 -2003.512400 -1999.491600 -2000.881400 -2004.755800 -2122.303000 -1691.890500 -459.343200 369.963100 662.110200 738.908100 739.575900 686.936700 579.909300 451.940800 202.175800 111.083000 56.024800 62.714500 139.298300 297.346500 433.036000 551.641000 685.036700 686.303600 552.063300 449.461400 372.143400 364.541400 464.480900 535.554900 675.130600 816.183000 967.406000 1011.366900 969.419400 972.933700 952.844100 911.738700 904.238900 912.831600 959.916700 812.807700 632.830100 471.410400 445.217700 575.627000 586.372400 413.885100 311.198700 261.694700 261.357000 240.728000 233.427400 234.429600 246.776600 284.760200 248.496400 275.298900 244.209900 180.340400 192.004400 221.927900 216.109300 206.390200 224.330400 222.666100 221.055300 224.701000 185.219900 216.396900 186.480600 217.578600 212.216700 208.032000 190.743600 186.097100 194.487000 211.638500 211.387000 212.703800 215.952200 187.239900 145.176000 130.341900 129.108200 132.376200 161.850400 174.542200 128.296800 115.670300 118.075500 121.811000 126.420800 127.154700 133.897700 149.732300 156.345000 159.068300 173.098800 166.730700 180.922100 197.332700 199.524500 202.710000 172.052700 225.651700 286.571700 262.741300 235.137800 212.803400 257.588300 277.584000 286.990600 349.179000 423.015400 505.582000 561.542200 557.594000 498.518700 475.276800 509.947000 580.890100 672.797200 743.799900 744.547400 670.778400 625.693800 653.409700 701.835000 739.509100 722.015200 703.398100 760.905800 784.808400 735.752700 
-2019.799300 -2019.583700 -2019.959100 -2020.315000 -2025.546900 -2035.636100 -2033.296500 -2030.467300 -2027.053600 -2019.197000 -2014.742200 -2011.170800 -2007.290800 -2003.478300 -2000.835800 -2001.153500 -2004.052400 -2006.695900 -2007.453500 -2006.783300 -2004.874500 -2001.790300 -2000.296400 -1998.612400 -1992.256500 -2112.902400 -1889.179800 -751.556700 232.184400 594.794400 699.735500 730.550600 676.697300 573.942900 440.897500 281.355300 102.921500 61.756300 72.278800 207.827900 349.804500 437.525800 538.266300 618.112000 596.895200 534.111300 395.690100 258.715000 288.066100 393.560300 557.199200 690.219300 855.619900 937.711000 850.604300 772.442700 733.868600 843.496900 728.008200 749.429200 932.786700 975.778900 814.498600 630.709800 539.347900 630.767300 631.517700 539.586100 423.476500 321.510100 324.590300 305.404100 279.796300 261.889300 257.864100 293.834600 286.769300 305.388000 331.340500 216.730100 172.016300 194.595700 208.938400 222.199500 217.848200 233.863900 234.997000 225.264000 224.932900 195.024900 224.333300 204.737500 222.546900 223.329400 220.925900 207.263600 189.523900 199.743200 215.913100 215.665900 217.329900 202.089200 174.768600 150.020700 134.084000 136.665200 146.274700 167.603000 168.516700 130.426100 118.564200 120.893300 121.682700 134.660100 135.786600 139.650400 143.752500 147.591800 145.464200 143.846300 147.051000 148.777000 149.729600 154.880700 157.506600 172.794000 213.701300 213.336500 209.114100 198.241400 225.684200 255.151500 255.734900 330.144600 374.870300 453.382500 405.593600 465.057200 511.035900 484.790700 466.673800 502.691300 556.305800 638.089000 705.587700 699.820500 696.182200 652.909400 656.553000 687.912400 724.988500 710.172500 766.055600 811.493600 781.731900 701.418500 
-2006.798900 -2006.599000 -2007.111100 -2007.006700 -2006.597900 -2005.971500 -2005.166000 -2005.154500 -2003.503000 -2002.979000 -2002.181000 -2001.471700 -2000.934100 -2000.766700 -2000.491300 -2000.396900 -2000.252900 -2001.016500 -2001.518900 -2001.111600 -2000.722700 -1999.756100 -1999.285400 -1994.687300 -2004.147000 -2038.559600 -1941.964700 -910.371000 84.948100 537.169300 713.454600 759.619500 706.296300 611.815600 498.604700 383.563500 204.315300 76.274700 52.211500 167.343300 321.603200 409.310900 471.954300 469.967500 361.783600 354.466200 364.716100 217.964400 387.195200 508.633800 641.469400 791.936400 934.353200 776.757400 691.028900 610.074800 515.878000 598.706200 548.430900 646.104800 799.345800 944.794000 851.786500 693.216400 632.708900 714.429700 512.532800 445.275600 433.717600 419.642100 407.664100 395.677200 374.288000 356.608200 335.381400 340.125400 359.597300 329.573800 249.792500 191.751500 190.519900 199.335400 212.139500 218.624900 222.288400 250.916900 247.845900 240.726800 195.705300 238.096500 230.756100 227.054600 225.096200 227.631700 218.212200 216.758600 199.019700 206.406500 220.612200 220.984500 217.437600 188.658400 173.237100 146.489100 139.412300 144.723500 159.959100 178.614600 175.061600 136.476700 121.033100 121.484900 123.056100 143.518700 179.366900 190.918700 204.762100 200.427900 186.731500 180.568200 226.545900 193.548100 202.114200 174.531000 165.536700 161.867200 168.453700 168.813000 172.955600 210.322600 267.727400 280.375000 361.861900 433.793200 482.650300 411.207300 408.459600 425.568600 440.082400 436.980300 462.368400 495.960400 613.094900 670.393800 667.304800 630.663200 666.335600 688.478300 724.427200 726.220800 757.121300 837.822900 866.434400 825.601300 732.245200 665.696100 
-2002.366700 -2003.029200 -2003.290800 -2003.174400 -2004.402100 -2008.068400 -2007.643900 -2006.749500 -2005.904400 -2005.346200 -2004.689600 -2003.316200 -2001.641800 -2000.685200 -2000.719900 -2000.805500 -2000.303000 -2001.138400 -2001.776200 -2002.736300 -2002.220600 -2000.801200 -2001.386600 -1998.014800 -1992.918700 -2024.818600 -2056.885100 -1263.198900 -106.839800 479.417400 679.104800 752.383700 701.047700 605.668300 474.977400 374.045300 214.344100 70.581800 21.767400 96.591700 231.502700 335.399000 320.289200 319.468300 247.131600 201.199100 262.050900 353.448700 407.398200 580.180300 785.363900 806.142200 813.908200 776.259300 635.412300 459.130200 386.813500 478.717900 632.061800 661.519900 678.808600 835.697600 963.766900 813.232400 866.476500 796.504600 688.095700 588.381300 652.888600 693.018700 553.230800 491.232100 427.510100 453.208100 381.997000 360.300300 306.409900 196.970900 217.004900 261.851500 229.477500 237.706000 215.229400 230.831500 239.209000 272.812200 268.712400 253.470600 215.232300 243.750700 236.878100 238.190700 233.967400 230.887500 229.853400 217.795700 209.563300 214.649700 227.066500 224.604200 210.030600 184.252100 166.673000 148.476400 151.906700 164.280000 175.177200 182.000500 178.988400 159.227600 128.948900 123.175700 124.704200 131.925700 240.292700 268.889700 294.979200 240.696900 247.289700 284.452100 259.857900 246.449000 308.405500 228.136700 286.227500 203.640600 180.770500 186.453500 215.341300 249.281100 265.496300 269.244300 295.352700 377.242000 461.742500 437.031500 374.818700 402.938900 421.268600 446.911300 460.812600 491.315200 575.681700 604.734900 577.180500 591.291800 636.830000 693.459800 708.205700 727.287400 726.044600 750.279800 762.743800 632.636500 615.954800 682.784600 
-2011.849100 -2012.101000 -2013.117200 -2013.793200 -2018.438100 -2028.594800 -2028.303100 -2027.033600 -2024.942000 -2021.986200 -2019.526400 -2016.116300 -2011.758800 -2003.998400 -2001.463200 -2000.769600 -2004.847400 -2008.483500 -2010.758600 -2011.908100 -2010.288300 -2006.220100 -2001.182700 -2000.332400 -1990.704400 -2008.530100 -2142.469400 -1580.470600 -329.222600 409.779600 660.978400 714.719200 673.759300 596.182400 475.614500 361.477400 208.048700 19.862900 -64.769800 36.870900 210.181800 235.355800 235.195200 195.024400 169.480500 298.058700 457.617700 510.103800 666.342900 660.246800 812.326400 775.835500 601.952000 559.468100 492.707400 446.110800 395.180400 598.068500 575.075000 598.293200 713.565100 928.143500 835.867100 873.126500 974.001700 984.511100 883.557900 905.588300 932.811400 874.385000 718.370300 551.455200 435.641300 386.171000 312.525800 263.047600 226.405100 290.453600 355.858800 305.552200 303.268200 338.610400 261.626100 235.566600 279.516100 331.994000 306.897900 277.973900 236.460200 254.696000 240.709200 245.824100 243.938400 237.456100 236.983600 224.864000 221.199600 228.375900 234.780300 221.922200 194.363800 177.944900 155.556300 155.094400 171.159600 195.348400 209.495500 196.524600 177.617800 159.014700 141.113200 126.013000 126.941500 129.975300 190.590000 278.573700 337.352400 318.282500 303.922600 318.447700 295.493100 327.321300 314.611400 278.161400 329.556900 254.617500 239.026700 263.487500 236.542100 251.138500 300.557100 297.062100 302.102200 363.143900 447.051600 438.682100 395.110700 397.071700 403.591900 438.218900 488.518400 533.880500 592.480200 604.482200 549.923300 557.013000 637.288800 688.879500 631.622100 569.909300 548.153100 551.371200 582.103900 541.883300 512.355200 590.159800 
-2022.971700 -2023.940900 -2024.683200 -2026.011400 -2031.626600 -2048.316800 -2047.261200 -2045.294400 -2042.498700 -2038.274100 -2033.669700 -2027.988900 -2020.491100 -2011.511600 -2002.956000 -2003.201200 -2008.374300 -2015.159800 -2019.460500 -2020.103100 -2018.352800 -2012.830300 -2004.477100 -1998.705400 -1995.682100 -1985.350400 -2168.493100 -1844.495900 -596.135800 305.725800 636.685700 727.230900 684.652300 594.195500 485.008400 353.303800 176.269200 23.043300 -84.143500 -44.737500 78.885200 78.040500 124.813900 199.123500 262.392400 376.863200 590.858700 762.098500 839.626600 882.680800 911.627500 793.833700 718.719600 626.420600 529.211600 403.023200 396.462000 568.236400 465.889000 555.407800 682.578400 941.163600 786.457100 704.527600 801.480500 939.990200 968.296100 950.449600 887.337600 751.010800 665.177700 473.510900 353.897900 277.118200 257.628200 245.795300 292.459400 374.866500 425.762400 365.730200 318.066400 388.899100 282.983900 254.362800 344.695800 383.340700 340.046400 251.983200 278.668000 279.643500 258.345400 257.404300 246.746500 245.577200 237.079000 229.022400 233.122900 238.335200 236.576400 215.846000 191.625600 176.240900 156.797500 170.546700 196.455000 219.610600 212.988800 211.785300 177.796300 162.148200 147.900500 132.392600 128.262600 129.002100 131.141700 191.642600 293.373700 275.447700 250.199900 269.288200 336.184600 358.867600 343.244600 347.789200 340.843800 313.300600 280.029100 269.801400 268.470200 264.018900 305.715700 344.906200 387.371700 409.691500 451.677800 421.837600 398.962600 395.949500 378.037200 420.790200 496.467400 499.562100 521.131700 534.396200 494.784300 550.969100 602.594700 588.680700 547.036500 546.598200 558.552000 510.166500 458.220600 437.966200 419.236700 436.620000 
-2033.148500 -2034.441600 -2035.675000 -2036.758200 -2043.160200 -2061.537200 -2061.483500 -2059.246200 -2055.439900 -2050.384600 -2044.447700 -2037.340900 -2027.123300 -2015.326800 -2005.355900 -2004.327500 -2013.225900 -2022.634600 -2028.221400 -2027.909600 -2025.463300 -2019.249800 -2007.534600 -1999.573200 -2002.767800 -2005.737400 -2110.972200 -2009.617200 -914.089000 170.808100 588.238000 707.583200 685.651800 598.374000 457.719900 315.056100 150.539900 11.778200 -57.717600 -70.789100 22.300800 135.055000 229.483700 382.987900 504.583900 561.165500 649.914600 790.382800 824.048800 937.642700 1027.142900 874.659800 819.599200 705.189000 528.243100 348.558500 340.203500 376.432200 411.650300 575.388900 741.933400 903.563600 800.738900 702.956000 686.778900 744.955900 689.122500 634.092800 678.307100 584.110300 438.564700 326.316200 282.101900 362.013900 372.077300 304.858300 297.559200 413.018100 445.933900 385.666700 407.379700 385.974000 285.423000 297.615500 387.217400 354.083300 279.366500 311.380600 297.655100 296.236500 287.804000 278.518200 267.059300 260.982600 244.705900 237.366200 242.423200 238.996600 230.248400 198.177900 190.005500 171.359000 172.576400 197.577800 224.241800 226.037000 221.764900 215.290900 192.312300 154.822800 141.059600 139.422700 137.602000 133.474600 133.885600 134.165200 171.466500 192.945700 302.084900 332.589200 349.777700 273.468200 299.947900 278.537000 273.764200 265.455400 315.759200 310.408200 277.870600 304.415000 330.363000 326.130900 314.915700 390.207700 365.571800 362.748700 378.421800 362.183200 364.904900 390.553200 417.766500 449.328100 490.231100 488.100200 509.491400 511.799500 525.194700 554.146000 607.524800 694.635200 734.176500 700.456300 577.596000 474.395300 452.502300 421.311800 
-2041.237400 -2042.127400 -2043.188700 -2044.438400 -2049.907100 -2066.760300 -2067.045100 -2066.798900 -2063.472000 -2058.136000 -2051.145300 -2041.481900 -2030.154800 -2018.115300 -2006.605100 -2004.248500 -2015.296700 -2029.069500 -2037.890000 -2036.484000 -2031.432000 -2023.642000 -2011.191300 -2001.156800 -2003.045200 -1972.513300 -2117.957200 -2120.711000 -1248.025900 19.969600 518.777900 698.134800 702.848800 601.717700 457.027900 316.760000 147.305500 8.032500 -95.738500 -111.912300 -6.599500 108.827100 213.018300 340.405400 502.088500 647.567600 766.765100 849.559500 774.555400 789.098800 909.112500 860.741700 660.443900 542.247200 378.588200 297.957400 456.375800 592.855200 559.843400 621.557500 735.434800 875.592700 787.799700 747.623200 798.635800 760.563900 627.690800 587.307200 535.758700 425.708900 408.782500 374.977500 433.591600 495.680100 384.988500 302.218200 329.910900 418.796000 427.384000 449.867700 508.818800 355.603000 351.545000 459.108800 465.728400 418.114800 342.054200 352.178000 321.829600 303.589000 316.660000 322.462700 298.307600 278.272800 255.562600 251.123400 248.815000 231.320100 209.292100 198.749600 185.619800 163.804000 183.091600 229.145200 229.249600 225.872100 222.174700 215.978700 169.597700 155.993000 148.269300 145.499300 146.528500 148.440900 141.108900 137.109700 138.239000 184.759600 245.985500 258.570400 231.925900 218.562800 264.684400 251.363000 285.424700 274.663600 287.828300 320.448900 306.233700 323.623200 286.320100 295.789500 291.827000 310.408100 328.153200 355.582600 356.549700 358.904600 394.620000 441.899700 443.067400 448.268800 483.371000 520.718600 497.843300 489.745100 530.155500 593.257600 604.698300 669.355600 722.979100 742.791800 643.895400 560.847500 589.673300 552.688000 
-2043.841200 -2045.292700 -2046.829200 -2047.868700 -2052.393000 -2066.714300 -2066.446800 -2066.483300 -2064.649600 -2060.410200 -2053.458900 -2043.300400 -2030.629900 -2018.000600 -2005.903800 -2004.068700 -2014.599400 -2028.370000 -2034.291400 -2037.097300 -2035.694800 -2027.260600 -2014.298600 -2002.187500 -2001.983400 -1996.308500 -2036.399600 -2118.156100 -1500.668400 -230.766200 428.275700 644.415600 669.533500 598.263400 478.775400 321.310600 137.583500 -17.824300 -124.052300 -149.785200 -56.927500 65.621200 172.150700 320.714900 484.257700 480.778300 548.334700 677.761700 638.618900 725.405200 850.503300 752.848200 542.210300 385.376500 266.661500 400.539000 474.607400 490.946200 545.309100 631.228800 662.428900 824.227900 826.679200 869.180300 883.462800 965.876800 889.725900 810.128300 635.257400 510.540300 563.422100 549.736300 530.405300 543.518400 408.913800 372.274000 430.332400 483.969200 479.156000 536.304800 555.111200 410.416900 432.406800 508.126900 602.952700 526.562300 449.977200 419.027500 368.975800 335.728900 330.302100 324.641300 311.685800 297.735800 272.901900 265.049300 248.963700 218.088800 215.471600 207.042300 174.901700 171.556700 211.727200 233.229500 232.006300 220.238800 202.750300 176.129300 163.479500 156.991700 153.888900 153.968600 158.083200 156.640900 158.835500 149.688600 141.798900 141.455300 146.959400 205.208800 253.854600 280.120200 306.667300 325.167700 335.209500 316.676800 297.898500 273.362300 304.468200 292.940800 269.769500 270.204500 256.263500 258.518800 285.037000 314.545300 312.417700 324.787900 365.398800 448.592400 496.994300 484.567000 503.110200 495.409700 491.888800 498.405200 544.312900 545.449300 587.470800 611.969000 660.590600 685.931900 668.951800 645.175600 685.724600 632.448900 
-2041.458600 -2042.801000 -2044.194400 -2045.472300 -2047.232500 -2059.370900 -2058.767300 -2057.934000 -2056.767600 -2053.769300 -2047.718200 -2037.505500 -2026.921800 -2016.066700 -2003.126200 -2003.407500 -2011.800800 -2021.566600 -2029.209100 -2032.508300 -2032.393800 -2026.398900 -2015.331100 -2005.217600 -2000.643200 -2000.962700 -2004.432500 -2120.681500 -1762.610900 -534.195500 330.582100 596.170200 652.609600 584.403600 450.845400 262.375200 80.197300 -48.469500 -145.792100 -186.658200 -110.460400 11.364200 142.647600 270.172200 344.738600 346.749100 489.688000 629.548700 568.831600 597.585700 625.756200 633.266500 493.420500 291.434400 278.655500 334.185100 407.462400 445.892600 510.071500 559.136100 608.773200 674.916500 833.215600 873.436300 933.148900 1046.790700 1045.998400 930.336900 670.117200 587.700700 710.898600 739.256500 692.950400 609.773600 455.249100 426.221200 518.888500 552.215200 551.547100 588.506700 610.497500 440.481400 421.553500 518.492200 635.007400 685.091300 632.369600 559.888700 441.772800 364.968400 335.241000 319.104400 310.814100 294.205400 290.376300 278.823600 224.740000 223.984200 213.163100 190.778800 175.990300 199.022800 233.895900 233.922100 228.967100 228.978400 201.207800 170.666500 168.742700 166.849200 165.537100 171.355500 169.697000 162.309400 161.073800 158.120300 149.150800 145.215100 156.824900 232.047200 291.944500 275.593600 309.119300 353.204500 288.227200 270.343900 280.232800 261.641900 288.889700 258.700300 253.247600 219.250200 231.417400 243.905800 270.598400 270.828800 297.853500 307.116100 316.388000 371.597500 450.084300 466.224700 462.182900 443.499300 479.434900 552.753900 537.170600 557.532800 589.005800 603.750400 625.383200 618.145100 687.767600 645.638100 678.331900 655.333300 
-2032.773000 -2033.456500 -2034.218800 -2034.827200 -2036.137000 -2043.875700 -2043.246900 -2042.464000 -2041.351800 -2039.272900 -2033.764500 -2026.327000 -2018.973000 -2009.539500 -2002.508400 -2002.945200 -2008.037800 -2013.349100 -2018.548800 -2022.550200 -2022.777000 -2019.234800 -2012.187900 -2004.960500 -2000.861300 -2000.244300 -1985.753400 -2160.385600 -1945.535600 -823.868100 176.771000 502.081200 559.950300 497.483500 382.202800 220.405200 57.110600 -110.442100 -183.859100 -236.903100 -194.917500 -104.792700 29.397200 149.008300 209.477800 263.715800 437.190200 549.214500 535.084300 455.990800 422.043000 438.621400 397.294200 357.588000 276.064300 299.102900 397.193900 511.647700 600.377800 616.812000 545.696100 589.327800 611.934000 659.668600 749.602600 953.147600 1050.575500 866.838800 702.694900 728.393900 917.710200 909.034700 778.090600 563.980300 475.255600 571.734400 708.114000 727.250100 689.654700 640.351300 473.422200 469.281700 596.031100 672.040100 757.317300 826.775200 783.566100 666.215300 524.850800 408.382300 353.654500 326.540500 310.256500 321.844700 284.989500 233.341400 223.564800 204.443000 187.547300 198.333800 227.919900 239.595400 240.564300 237.410200 233.669000 227.660400 200.585600 176.754100 175.917700 176.617600 174.438500 174.317000 175.682100 172.024500 169.348700 160.475200 158.952100 154.967400 153.762500 155.462700 264.838700 310.268000 356.527300 353.799900 324.228600 254.049300 228.337400 292.712300 237.004200 221.282200 194.751800 204.991700 280.770500 327.012600 280.238800 316.093000 374.531000 359.475800 335.116100 352.591600 393.437300 411.145900 416.790300 513.087300 521.042300 509.945700 511.652700 532.863900 561.988400 557.243400 554.472600 604.426600 650.571700 617.580900 542.114700 623.677800 
-2016.265300 -2016.348800 -2016.411000 -2016.727700 -2016.713100 -2019.399500 -2019.481400 -2019.131400 -2018.081200 -2015.909600 -2012.816700 -2009.845500 -2006.096600 -2003.127100 -2000.993700 -2000.551100 -2002.531300 -2005.089100 -2006.016200 -2007.389900 -2007.558400 -2005.911700 -2003.452800 -2001.493000 -2000.263700 -1995.589300 -1981.061800 -2049.460900 -1927.422400 -970.903900 6.089400 372.840300 456.262400 410.318400 308.466200 167.276600 1.374900 -143.924600 -231.004200 -259.690300 -268.752600 -235.668900 -150.075600 15.610000 164.608000 220.119600 280.901900 417.538900 540.854500 495.651100 336.421300 283.180100 200.812600 182.261000 284.758100 220.293200 298.711900 401.668200 411.418300 427.166500 435.570000 489.074200 499.567600 581.430900 677.994900 872.107100 989.801500 987.764300 966.944600 936.651100 988.001700 991.913900 770.802500 606.945000 542.680900 660.017400 833.140300 857.290400 607.758800 436.468200 554.676100 607.424200 704.183400 833.818300 887.457700 853.361300 758.229600 661.908100 516.838800 395.561000 345.341000 292.664100 281.191300 280.040200 240.831800 208.377900 199.284100 208.567700 245.607000 263.999400 253.750700 249.591200 243.906300 237.302000 229.605500 219.884500 198.402600 184.321700 184.758900 184.549100 185.325300 182.941300 179.918400 183.605900 175.272200 171.075900 165.290600 160.840100 155.673000 152.625600 205.572800 320.120800 361.373800 288.855700 275.090100 242.472000 220.558300 240.890500 194.369800 184.761600 202.058500 244.339900 297.562100 335.684600 289.383100 352.201300 403.863100 377.267300 373.562700 423.722600 423.630400 414.361500 437.667100 492.347200 545.866400 518.505300 520.907500 531.635000 546.851500 551.677800 559.621900 561.687900 620.871500 568.212700 487.546300 500.919200 
-2005.948800 -2006.530900 -2007.153800 -2007.111900 -2009.663400 -2010.463100 -2010.984100 -2011.673600 -2010.986900 -2010.367700 -2008.550100 -2006.799600 -2005.313700 -2002.758500 -2000.458000 -2000.381300 -2001.994700 -2004.819400 -2006.624900 -2008.901500 -2010.139900 -2009.366600 -2006.789000 -2002.833600 -2000.073400 -2003.990600 -1991.074700 -2055.098700 -2091.730700 -1383.087200 -188.493100 384.989600 532.260300 468.880800 348.110800 180.694500 17.336300 -129.543700 -226.680100 -244.282500 -244.196700 -199.449800 -113.881700 3.292200 90.950500 119.184000 186.676800 292.110200 377.829000 444.768000 391.337000 221.445300 128.572800 160.215400 236.330700 171.544600 216.684300 286.637600 324.690100 371.622900 432.538100 523.285100 522.666700 636.329100 573.261600 669.307400 783.961400 932.544400 982.463700 1020.559900 1122.205700 1050.256900 723.283200 605.388500 768.222200 825.236600 843.864700 738.114600 524.567000 547.918700 701.971800 783.562300 852.000900 888.449600 753.466100 650.548500 589.001100 529.329700 482.562700 513.698400 472.875200 377.606900 272.758500 225.363600 226.073300 259.485100 295.630600 306.168900 285.640900 272.404300 264.419600 255.316800 237.443800 227.765100 214.617600 199.951300 191.594100 199.136000 202.169100 202.226600 194.758000 192.705300 187.201300 185.106600 181.747000 181.728700 177.555600 172.286700 162.222700 153.709600 150.695300 201.639200 264.301600 219.822500 191.806600 190.535000 186.980000 180.402100 184.469800 242.496000 254.968700 308.304400 373.166200 340.152000 347.908100 439.836600 420.563200 407.461600 465.000300 454.038100 420.320300 408.627500 432.441000 465.080200 496.527600 513.817200 503.268400 509.022800 495.979200 527.710800 519.387500 537.922500 562.100600 559.745200 506.416500 497.979800 
-2026.117300 -2027.048500 -2028.128200 -2029.201100 -2036.266700 -2037.240300 -2037.661200 -2037.577200 -2037.314500 -2035.816500 -2031.184600 -2025.844900 -2019.275800 -2012.066100 -2004.851300 -2001.930500 -2006.785100 -2012.872300 -2019.763000 -2026.208000 -2029.065400 -2027.620800 -2022.165600 -2013.601600 -2003.862600 -1999.857100 -1992.202700 -2023.621800 -2117.213600 -1677.275000 -518.338600 320.616800 571.216300 586.314700 484.158600 340.970400 155.987700 -38.618300 -159.894100 -214.765900 -189.889400 -128.401500 -42.832000 42.716500 119.725200 153.813500 266.300400 281.973700 356.130600 355.878200 262.335100 157.620900 189.226600 352.288200 227.945300 191.316700 226.038900 320.970100 453.580200 547.271000 583.739200 549.884800 606.370400 583.723300 512.462100 637.638000 743.692600 780.502500 679.525200 798.445300 953.601700 1045.426100 877.900700 906.938500 938.207800 945.330200 702.965900 550.115100 536.854600 698.638000 841.526400 954.168700 985.113000 881.347700 775.866600 837.664500 754.588000 744.404900 719.529400 683.322800 567.947900 407.552400 312.333500 264.570800 336.569200 462.468100 462.689100 436.385300 371.347500 302.097100 281.562900 269.211100 257.111500 244.760000 229.629100 215.971000 210.598400 212.285600 217.609700 212.863000 206.388000 200.912700 197.241800 193.063900 191.303600 188.670400 187.130100 185.800000 176.266400 162.168600 154.507500 157.439700 160.833700 187.277800 209.833300 238.080400 219.959500 236.718800 201.867200 235.585000 277.517700 316.323700 337.321900 376.287300 408.044200 462.533200 478.590300 453.717000 419.427300 388.636900 426.532000 448.754000 454.789400 462.279100 475.426900 502.360700 484.216300 511.749200 521.108000 532.662900 517.633900 511.341800 523.791000 580.110300 611.326500 564.725600 
-2038.558700 -2039.794100 -2041.361400 -2043.004200 -2054.734700 -2055.609100 -2055.571600 -2054.912700 -2054.535600 -2052.404800 -2047.901400 -2038.874500 -2028.249100 -2016.736100 -2007.001800 -2002.476800 -2010.436300 -2020.677200 -2031.571700 -2038.993700 -2043.320600 -2041.835000 -2034.674200 -2023.109600 -2009.012800 -1999.629100 -1999.470000 -1988.310200 -2099.662000 -1967.215500 -958.438700 140.031900 536.143100 613.526000 550.546000 402.460500 213.748000 54.649100 -114.267100 -188.838700 -143.838900 -72.528600 21.098200 118.069700 180.601400 217.919500 320.621700 319.208900 316.880000 319.613700 280.737900 163.443400 167.456800 224.646800 295.665500 215.535700 320.057900 309.591400 417.464600 399.313300 440.169400 420.956100 434.001200 486.284700 578.177800 615.649500 678.002600 606.711200 545.443000 651.557600 814.053500 1008.534100 1085.300100 1111.819400 1038.925700 842.951800 720.478800 619.409000 599.086700 728.182400 921.872700 1041.157600 1035.094300 911.304900 951.734900 994.615500 888.229300 914.177200 846.163500 723.402100 573.281800 374.792300 266.495700 378.494000 489.508200 616.274100 634.236800 582.500000 464.828100 374.998500 317.756300 291.908500 267.187200 250.822000 240.221000 231.775700 222.328100 225.079600 228.295000 222.756500 217.886200 217.407500 208.888800 203.363300 204.743900 199.478200 195.017000 192.560900 185.052200 162.396900 156.253000 174.911300 249.243800 309.223500 311.081400 323.378700 305.273400 351.351500 310.372400 257.040700 249.852500 293.903900 338.009700 363.227100 395.058700 443.296500 435.015900 392.908600 372.085200 434.131500 468.542300 458.932900 466.343800 484.357600 494.388300 475.195500 509.669100 535.309300 566.827500 473.525000 445.007100 554.838900 568.709000 605.666700 571.664000 499.567300 
-2043.472600 -2044.854500 -2046.509400 -2047.763100 -2064.187600 -2065.138500 -2064.849500 -2065.064300 -2064.343400 -2061.249200 -2055.325100 -2045.495300 -2033.404400 -2020.554200 -2008.822200 -2004.088100 -2011.457400 -2026.230900 -2039.072100 -2048.547100 -2050.858100 -2049.654100 -2041.962700 -2030.261400 -2015.602000 -2003.932900 -1999.341200 -1988.141100 -2060.563800 -2126.644700 -1493.519000 -307.666600 376.882800 596.933300 577.074700 478.097000 321.494100 130.859200 -42.464100 -158.245300 -107.432200 -36.014200 48.053100 110.121100 97.479100 115.610800 232.481900 260.401500 214.330200 149.082600 106.270300 174.196300 221.842800 231.379600 176.886100 254.692800 343.892300 423.500700 365.195500 278.948200 360.934500 357.707900 448.535400 537.643300 525.671400 460.917000 425.687200 512.089100 489.972900 617.241600 729.616600 874.578400 1087.233500 1115.208800 954.748600 827.226700 877.702300 764.878300 632.740100 695.143600 914.003400 1075.089900 1069.918300 961.569200 1040.971900 1122.585700 1090.506000 935.552600 745.400200 585.199100 484.833900 315.945200 299.139200 444.319000 622.277900 787.645000 793.413100 676.009000 546.367600 448.834200 440.076200 382.867500 324.849800 282.244900 267.043900 253.358200 239.175900 243.953700 242.986300 235.965600 225.545500 223.202400 219.068600 211.859500 218.186400 212.078600 201.829300 198.226500 195.285100 168.062500 158.692600 157.951600 237.030000 261.388200 339.463000 320.101000 326.686500 347.162900 360.693800 302.389200 264.711700 281.650200 298.060200 338.534600 349.660200 382.427000 486.195900 446.578700 435.577500 484.226700 502.290500 496.654500 482.139300 459.275000 429.324700 458.119900 521.000400 566.799200 467.759200 499.125700 493.440800 540.904700 578.395100 598.047400 492.069500 410.083100 
-2042.763900 -2044.189300 -2045.821700 -2046.922900 -2066.225300 -2067.694400 -2068.201600 -2068.704700 -2066.769000 -2061.856300 -2054.868200 -2045.651000 -2034.146200 -2021.755200 -2010.086600 -2003.487100 -2010.686200 -2026.082400 -2039.807500 -2051.038300 -2056.103900 -2052.814500 -2043.374600 -2034.900100 -2020.760700 -2007.814800 -2000.351200 -1993.650400 -2009.068400 -2116.245100 -1960.710700 -946.732200 124.977300 525.207800 597.668100 532.305400 383.464900 197.756300 34.330700 -125.383800 -85.645600 -30.544200 30.360400 71.279300 134.676700 156.932200 114.319600 130.424100 128.551500 176.677600 233.719700 263.647300 295.569000 309.118600 273.061500 326.809800 368.308200 281.025700 212.608600 282.802500 424.114600 435.763800 365.232500 400.699600 403.614500 398.272000 492.194600 582.558700 598.127800 582.707100 696.054100 883.735000 1052.551800 1074.377800 1047.377800 1035.505900 988.455400 817.503000 627.685300 639.887800 843.395800 1044.816300 1135.009200 1062.743500 1048.800300 1095.614800 1062.645000 948.687900 790.850800 578.947100 408.245600 296.548300 393.113400 540.742200 693.610000 851.407700 847.222300 730.824900 615.042700 646.205800 557.202300 465.267100 397.214000 331.255100 279.194800 265.385200 254.842700 254.718900 253.873100 245.188400 245.409500 234.365500 225.410700 222.013600 222.936500 215.801400 209.996400 207.491100 197.277200 182.979800 166.860300 163.079100 163.067800 216.997600 231.916100 282.953700 330.942600 270.911200 267.966600 270.217200 323.283100 339.949400 325.651100 321.148700 322.424800 388.274500 503.312300 535.463200 506.520400 500.493000 501.522500 514.287500 458.768900 428.525900 395.968600 433.041400 497.201800 485.925400 401.644400 483.905200 559.240200 537.997600 513.514400 484.477500 358.053200 387.421200 
-2036.736700 -2038.275700 -2039.376800 -2040.651800 -2060.758600 -2063.238300 -2064.210700 -2063.072600 -2059.557200 -2054.553700 -2048.000000 -2041.067900 -2031.048400 -2019.605000 -2008.113900 -2002.990100 -2008.857700 -2022.089500 -2033.680900 -2043.516200 -2049.465100 -2046.642600 -2040.816500 -2034.185500 -2024.032000 -2011.322600 -2002.560800 -2000.107200 -1976.221500 -2051.609900 -2078.830600 -1530.441700 -312.343200 399.633300 579.546700 523.244600 429.601800 260.459700 63.570900 -71.364000 -57.737700 -3.383300 50.746900 93.234800 127.463300 140.800900 57.627700 55.859100 171.413400 256.104100 355.210400 438.347100 477.456000 457.358100 404.545700 325.871500 290.665300 190.655100 226.733600 252.791100 284.281500 307.291400 295.680300 309.644000 443.597200 683.412200 776.238200 771.685300 710.468300 655.790600 690.707100 768.503700 821.304000 860.668900 1035.903200 1124.854400 989.610600 810.476900 644.693000 628.897200 786.064200 971.470100 1123.980000 1152.526800 1068.254800 904.753600 797.982900 793.903000 718.927600 540.315600 344.262300 319.531000 440.377800 572.596300 693.059100 866.157900 938.649100 792.326200 802.827800 759.270900 648.131700 582.032900 470.202500 382.469700 310.964100 286.345600 272.208100 270.443900 262.248700 260.847300 256.748200 251.747300 242.999600 232.992900 230.701400 226.427200 218.671400 214.880400 208.310700 202.808100 189.240500 175.958000 169.768300 167.228700 183.831500 223.038800 246.755300 213.999900 264.024100 308.461700 301.161700 254.553600 239.489700 326.473800 355.646500 353.134300 381.059600 474.460400 538.695900 534.061400 509.699800 486.598200 426.107800 340.962700 363.789500 476.226200 431.702500 356.011800 406.430200 553.619500 602.027800 543.432200 421.417700 330.343400 288.990700 254.808200 
-2027.392500 -2028.679200 -2029.860300 -2030.541900 -2050.152900 -2053.123200 -2052.739600 -2050.849800 -2047.701000 -2043.308300 -2037.662500 -2032.570800 -2024.535200 -2015.755100 -2006.341600 -2001.772800 -2006.898800 -2016.897700 -2025.129700 -2031.451900 -2036.731600 -2036.980800 -2033.294500 -2028.621200 -2021.773100 -2012.924700 -2005.799200 -2001.622700 -1997.431500 -1994.526700 -2118.592000 -1962.037800 -934.586400 112.225200 490.442400 521.213800 438.626200 265.380000 91.673100 -26.088600 -35.072500 18.316600 69.112900 142.466200 178.672400 79.583900 28.343600 67.998200 106.310300 249.283800 396.232900 467.059900 509.735700 537.396300 491.552800 407.244400 310.317000 208.758200 169.470000 176.989300 265.454700 420.517700 395.453800 371.602200 446.814100 594.849000 734.580800 780.805000 669.828000 547.367700 654.022000 643.338700 716.063100 918.166200 955.837500 1078.545200 1037.448700 892.518500 752.258300 649.026100 753.489600 895.694600 1015.887300 999.265100 913.990600 802.671500 703.926900 594.467700 513.909900 391.009400 305.700000 401.129800 531.882600 621.472300 754.862100 897.869500 980.600600 869.422600 954.588200 842.319000 749.174600 628.905700 530.043600 428.308800 352.114400 313.079200 298.604700 285.641700 275.690400 274.637300 270.660400 263.785200 255.166500 242.936200 235.756300 230.210400 225.974600 220.846900 216.320000 207.213200 201.943500 183.910500 179.512200 172.788200 171.727200 173.602700 177.091500 181.903100 189.305400 211.890700 204.186300 215.661300 292.168400 290.428900 321.061100 304.934200 307.628900 348.195300 435.724900 434.012200 412.203700 379.038600 337.935500 295.089600 313.909100 341.848200 332.860700 451.153100 591.994700 573.874400 580.152000 473.579700 333.638200 258.005000 239.080400 335.720800 
-2016.880700 -2017.232400 -2017.353400 -2018.074700 -2018.940900 -2019.410200 -2019.583500 -2018.807300 -2017.970900 -2016.897700 -2014.920300 -2012.764500 -2010.221500 -2007.656500 -2003.006800 -2000.395100 -2003.002800 -2009.081100 -2014.378600 -2018.154000 -2021.055800 -2022.851600 -2020.363600 -2017.235600 -2013.743100 -2008.788100 -2004.773600 -2001.377000 -1999.828300 -1992.384900 -2043.860200 -2090.741400 -1539.843500 -322.396100 355.354800 502.138500 434.425900 285.479300 110.748200 -11.768000 -7.016600 37.539400 76.729200 155.886700 197.669500 89.936600 27.610900 65.124100 81.773300 128.474800 213.552900 340.036700 423.066100 523.940100 474.977700 327.630900 275.316300 195.449400 197.945700 259.239700 354.909900 493.454400 523.505000 554.055100 620.322000 759.519100 856.348000 757.486900 654.799300 540.485500 501.402800 551.667100 713.780000 852.959400 1009.188200 1150.248300 1108.551900 940.540900 796.396600 741.444900 934.545800 995.059400 1009.066300 881.150600 874.542700 852.109700 717.745400 568.500200 403.464700 312.080500 390.041100 553.269700 676.550600 850.071800 926.422300 968.825500 960.734600 985.255000 1057.114600 924.549900 824.218400 717.358800 557.578200 437.857400 375.318100 330.812400 312.713100 297.895100 294.209900 287.431600 278.991800 263.382900 257.965900 247.802300 242.471800 237.185800 231.115400 225.604400 219.069800 213.455800 199.358800 189.884700 191.137200 186.034400 177.244800 198.568400 251.375100 314.528300 285.432600 270.616100 279.327700 277.051800 241.361200 249.209200 243.789600 241.300400 275.943400 297.959700 322.155600 331.234600 338.488500 284.624400 253.667100 259.860300 278.269800 310.350000 460.085400 578.878900 550.669800 587.001600 594.067500 453.367700 269.113400 238.495100 292.314200 369.351400 
-2005.501300 -2005.763700 -2006.274700 -2006.653700 -2006.253000 -2006.346100 -2005.486000 -2005.259600 -2005.112200 -2005.480100 -2004.427900 -2003.681600 -2002.445400 -2001.655200 -2000.825800 -1999.792400 -2000.553500 -2001.568000 -2002.950200 -2004.147900 -2005.386400 -2005.788100 -2005.392300 -2004.492000 -2003.367100 -2001.804300 -2000.888400 -1999.820100 -1998.974400 -1993.165300 -1971.040900 -2045.357700 -1807.938600 -816.586500 86.657900 437.141300 478.393200 354.330300 146.068600 40.278100 43.306700 73.196600 98.797400 102.142000 134.304900 80.963200 26.527400 55.275400 76.095000 90.059400 135.283000 245.733500 395.957100 480.764800 408.652900 252.716200 186.715800 184.860400 233.971200 279.376400 371.175600 512.826000 638.539700 686.670600 688.556400 702.498700 672.792800 664.770800 637.188800 572.286900 407.324300 452.879500 615.167100 733.505000 884.537600 1029.249200 1128.285900 1075.902000 919.100600 924.478600 1025.943100 1038.480500 898.847900 748.116800 694.631000 744.844700 686.250600 541.975100 367.520900 342.919800 478.301100 621.626300 821.019900 952.653200 1099.765600 1105.858000 1159.166400 1105.213800 1037.647800 932.809700 830.332500 709.848800 602.769300 517.006000 425.326000 350.698700 328.848900 314.249100 308.753500 300.081600 281.402200 275.531200 264.159900 256.492800 248.478500 241.862300 235.045100 227.398000 219.200100 205.878700 204.140100 200.974600 198.704500 194.247500 185.482400 178.886300 241.866900 316.375000 344.168300 305.342000 341.442600 340.135500 353.576400 299.118200 276.229500 265.567400 261.998400 273.185600 300.343600 287.125600 295.570100 244.284000 231.227800 242.292400 296.817200 395.389200 489.899200 531.317600 483.574100 514.302100 450.377000 295.095700 256.681100 350.201100 348.146900 429.331100 
-2001.436100 -2001.479500 -2001.640300 -2001.597100 -2002.476600 -2002.590600 -2003.050700 -2003.057300 -2002.917100 -2002.661100 -2001.973600 -2001.961700 -2002.340700 -2001.268000 -1999.876800 -2000.102900 -1999.859100 -2000.997800 -2002.873600 -2004.473900 -2005.737700 -2007.053400 -2007.602100 -2007.669700 -2007.897100 -2005.861600 -2004.512600 -2003.168200 -2001.125500 -1999.847200 -1995.977300 -2028.590400 -2080.429800 -1536.925400 -329.498300 328.167800 483.044400 370.866600 182.703200 30.339600 91.891000 137.304400 165.122400 69.158900 30.247900 32.203000 39.696900 62.893000 79.874800 88.516300 136.592700 195.474600 307.914500 413.232300 336.808200 176.084400 174.310400 249.800000 375.500900 388.093200 445.234200 555.405500 649.986700 686.942400 675.125600 517.650000 577.057300 422.174700 407.222900 367.229400 448.887900 641.530100 500.843100 556.570400 638.218800 831.296900 948.041900 1086.029200 1129.878200 1094.491100 1037.544500 1085.858700 1006.933100 981.549000 842.941000 679.431400 557.520000 477.280200 363.293700 392.496200 537.603100 673.005700 816.168100 965.737300 1146.040100 1175.621500 1150.543100 1052.035800 922.285400 845.780200 797.575000 771.947400 678.884600 554.946300 432.490100 376.880400 341.998200 329.678300 315.865100 304.671400 295.501600 282.484800 272.362700 263.457000 254.742000 246.128300 237.608000 226.210700 216.052400 214.823000 213.745400 209.747300 204.276700 200.889000 193.832700 190.836700 202.849400 258.969700 302.741100 279.099900 295.757900 333.242300 332.652200 376.679400 340.935900 295.026800 267.706000 288.475000 279.544300 264.943700 226.942800 217.310800 218.349900 281.646500 327.540900 334.173500 425.683100 467.626600 391.004900 363.920500 262.207700 286.673700 391.917400 496.825700 479.773500 487.757400 
-2005.606600 -2006.447800 -2007.374600 -2008.433600 -2011.874100 -2013.963800 -2013.907100 -2013.989100 -2013.759800 -2013.331500 -2012.418500 -2010.955700 -2008.914600 -2006.523300 -2002.971500 -1999.963200 -2002.309400 -2007.248700 -2012.799200 -2017.385600 -2021.606200 -2025.329700 -2025.608900 -2025.672800 -2024.495800 -2019.449200 -2013.843800 -2010.041900 -2004.549000 -2001.238400 -2000.596600 -1980.944700 -2106.064100 -1957.891900 -939.611400 63.033400 445.353200 382.165900 234.079100 52.467100 111.659400 163.996100 128.453300 23.653300 33.611400 79.337600 158.705400 116.763300 74.328500 82.360500 108.444100 122.600200 133.302000 185.093300 140.731000 167.672300 307.928800 478.727200 569.553300 536.226000 508.207900 525.686100 515.646600 454.257300 491.976000 476.316000 359.301900 346.116200 468.793100 595.189200 705.598200 855.049300 754.907500 539.440800 628.457700 678.708700 805.545300 1002.285100 1162.476200 911.796900 793.716500 758.816700 745.771000 756.889800 782.399100 775.757900 646.976100 482.946700 357.144300 438.271900 604.108700 759.566500 920.225800 1019.256800 1129.077200 1189.011800 1111.534900 1062.749700 1048.841300 911.776900 751.375600 645.701700 611.384400 536.085600 464.982500 473.027000 395.392800 348.679500 356.218000 330.014600 312.362500 293.129800 277.964200 269.319700 258.808700 248.638900 235.035900 231.161100 229.068600 227.060000 223.251500 218.688900 214.591200 215.414900 200.689300 194.134900 189.682400 237.048600 246.867000 265.880200 299.644900 317.738300 345.489300 390.371700 404.357600 327.599300 288.450100 262.556300 247.808100 225.328700 205.396900 208.899300 231.861100 255.185000 308.773400 360.499800 417.580400 375.943300 301.498200 239.572200 282.116200 340.667100 409.231400 437.302300 523.003700 491.221100 
-2011.472700 -2012.182800 -2013.264200 -2014.272600 -2030.578600 -2040.740700 -2040.618800 -2039.716900 -2038.030700 -2035.351600 -2031.444800 -2026.536100 -2020.329200 -2013.899600 -2006.095400 -2001.766400 -2003.585000 -2012.710500 -2021.554700 -2029.528700 -2037.156900 -2044.699500 -2048.348600 -2046.297700 -2044.580800 -2035.572600 -2023.229800 -2018.985400 -2011.404900 -2003.697600 -2000.455500 -1986.589500 -2031.811300 -2122.168900 -1584.143400 -408.241500 271.105300 339.487500 132.847400 53.390200 74.868000 109.044300 27.171800 55.110800 101.437100 173.726700 178.813900 116.157600 76.042600 84.407600 84.760200 83.613100 64.715000 60.818600 97.054100 130.332800 204.407500 293.442700 402.868700 515.810100 477.118500 398.603100 364.369000 313.726300 270.551100 252.846200 280.683000 424.675100 651.446100 874.164100 1010.857900 1072.668000 855.112700 641.266800 731.650100 957.875200 808.869400 924.433100 1078.812700 908.615500 726.694500 675.325800 603.422800 559.498000 588.757200 689.450600 686.064300 492.032600 362.991800 385.665600 533.198500 653.857200 755.945000 877.513800 969.115800 1042.513200 1132.862100 1142.097900 1057.656300 904.097600 821.178500 783.104400 744.271200 686.968600 622.646700 488.902500 407.565500 453.940200 459.559100 405.144600 363.546600 330.955200 302.354000 282.046700 267.916000 256.393200 251.547500 248.093300 244.661500 239.945200 232.997800 226.468800 224.596400 215.651600 204.988300 197.635400 192.012900 234.444100 288.934600 305.884300 342.805400 368.622900 385.961900 338.743600 386.253200 370.638800 310.270500 288.949700 247.462800 227.720800 199.252800 209.480100 233.624300 241.576700 280.880200 330.547400 357.337300 380.430200 355.565100 250.843200 344.040800 497.304000 600.478700 617.026800 602.497400 594.185700 
-2014.768600 -2016.045800 -2017.366600 -2018.713000 -2046.431900 -2058.874100 -2058.781800 -2056.704500 -2053.675700 -2049.384400 -2043.404600 -2035.427400 -2026.512800 -2017.775100 -2007.969700 -2002.484900 -2004.495500 -2014.855200 -2025.768000 -2036.425900 -2046.869000 -2055.622400 -2062.765200 -2067.749300 -2061.413400 -2056.186800 -2040.886900 -2025.464800 -2018.698100 -2009.087400 -2000.752300 -2000.304600 -1991.179900 -2079.767600 -2081.938200 -1123.455400 11.759000 240.454000 96.516700 45.749400 103.304600 65.932300 75.895700 188.780900 227.624300 108.503400 53.790100 58.489300 54.289400 48.541200 44.332000 59.607300 77.324800 83.531800 89.896500 99.375500 106.593800 130.226200 222.029800 344.934100 401.654700 317.824700 220.478000 192.741000 259.328000 343.124900 475.974800 500.813500 631.277400 831.105200 972.613100 1131.483200 1094.413300 789.432400 784.896800 941.000600 1077.673200 999.227900 1106.297800 1060.832700 1070.313400 1024.527400 886.291800 724.939300 584.458100 530.695900 599.590300 498.240200 411.118100 391.916300 390.080700 482.799300 591.736900 730.331400 769.465200 918.868400 1089.013400 1110.243900 1020.249300 973.206400 1005.418000 966.923400 874.374900 733.946000 619.460500 454.204100 592.554700 644.306400 633.224900 553.499400 481.958700 414.369800 363.616200 331.009600 299.130100 281.812300 271.938300 265.545000 261.120800 256.926200 249.082200 240.380400 228.111700 217.526200 208.721000 200.736400 201.908600 259.570700 320.199800 347.591100 319.297500 356.610100 316.411500 336.475500 343.832700 384.012000 384.502400 320.528800 272.440100 247.152700 213.527500 196.556200 201.038600 198.043200 215.392000 232.235400 241.416200 243.207500 247.322700 304.408600 440.754900 531.684900 570.579600 644.315400 659.984500 666.174700 
-2015.559500 -2017.237300 -2018.772100 -2020.174700 -2048.189000 -2062.733100 -2062.650100 -2061.669900 -2058.960100 -2053.773800 -2046.583200 -2038.238200 -2028.491400 -2019.208400 -2009.396600 -2002.446800 -2004.983100 -2015.778400 -2026.724200 -2038.026700 -2048.527000 -2057.754500 -2065.632500 -2070.670800 -2072.136700 -2065.156100 -2048.734600 -2032.524600 -2024.678900 -2014.834400 -2004.484200 -2000.256300 -1985.732700 -2018.981400 -2114.500400 -1684.589700 -592.538300 94.653200 40.123800 32.505900 141.147000 201.288900 213.239500 207.716800 166.465000 127.978000 77.476800 55.444400 53.338500 66.794200 79.232400 53.458900 58.134000 60.292400 72.014000 78.111800 115.892500 151.745300 190.826900 203.914500 213.215100 205.305400 231.626400 327.182800 461.114300 557.084700 572.112700 696.778400 833.468900 917.789900 1045.745100 1130.907600 1128.483000 1042.808800 1073.792800 1043.824800 1034.701800 1072.320900 1031.576300 953.296900 1044.701200 1121.280800 921.790500 799.291300 699.747700 523.310000 400.294500 398.522600 535.915300 558.295700 425.871600 381.102100 439.834600 544.672900 686.905300 858.880000 1044.577000 1145.522200 1150.796600 1145.662000 1165.356300 1004.197900 848.511900 699.073700 563.698200 586.184900 801.880200 895.471500 817.062900 758.392200 635.436100 525.485100 457.118100 413.381800 373.850400 332.013700 306.396100 291.250500 282.062900 272.910700 259.315800 243.597600 233.308900 225.149200 211.794700 202.222200 206.703400 286.842500 316.157200 292.290100 340.472400 324.129500 296.767200 341.473400 331.215200 352.299900 393.942300 380.917900 344.174300 281.308700 240.478600 208.473600 198.395900 188.186100 190.416600 194.361700 205.779100 279.219200 358.459200 374.544900 412.455900 482.921400 458.699400 562.224200 560.262900 545.774600 
-2015.066500 -2016.633700 -2018.166800 -2019.419900 -2045.532900 -2060.697500 -2060.400800 -2058.951800 -2055.961100 -2051.352700 -2044.815400 -2036.673300 -2027.590700 -2018.243500 -2008.999300 -2001.609500 -2003.494100 -2014.658300 -2024.150600 -2034.715100 -2043.894000 -2052.553900 -2058.920700 -2063.223100 -2065.137300 -2063.452900 -2055.351700 -2033.953100 -2026.758600 -2018.670600 -2008.307900 -2001.568500 -1999.362100 -1995.291700 -2078.072100 -2064.947300 -1256.027300 -171.934700 67.976700 29.441400 141.592900 187.367300 158.210900 96.965800 146.107000 167.821800 147.896200 106.916100 89.755400 82.788600 79.077500 70.490500 72.669400 65.589600 77.286200 77.205400 111.857600 150.415600 180.269300 182.258100 143.716000 192.628300 247.172800 299.736100 417.939100 646.429200 783.259900 860.716800 979.646200 1049.895300 1017.061700 944.683400 835.737300 826.653600 936.636400 892.487000 822.424700 820.613200 802.456700 904.192400 941.431700 1072.961600 948.265300 882.987900 720.924600 512.036200 390.681200 505.528800 698.143200 763.550500 655.975800 488.279200 377.645600 429.389600 583.252900 746.495400 873.191700 976.854900 1088.491200 1179.690300 1136.563700 992.515000 878.935100 740.360000 675.331000 618.804100 686.967300 886.235000 972.944900 907.191100 811.241900 691.358700 585.835300 533.318100 482.843900 405.905500 350.165900 324.821100 309.584700 286.737400 264.730900 248.830900 234.574700 223.176900 212.341400 206.123400 212.058600 260.907900 253.358100 315.307500 299.247500 262.413700 325.475400 351.837200 350.102300 375.651900 377.457800 379.581100 382.028400 285.092500 241.223100 188.281100 182.808500 184.902500 188.072100 194.279800 205.207600 279.287200 351.756200 338.554700 337.480900 354.090000 405.996800 477.338800 495.304400 617.105700 
-2012.849400 -2013.735900 -2015.004400 -2016.197200 -2037.761800 -2052.076500 -2051.157700 -2048.814200 -2045.761400 -2041.737800 -2036.508200 -2030.083000 -2022.946400 -2015.310900 -2007.096000 -2001.662500 -2002.760100 -2011.126800 -2019.847500 -2027.063300 -2034.338000 -2040.326600 -2044.854200 -2047.881400 -2049.561800 -2049.651200 -2045.229900 -2037.811100 -2024.788000 -2017.998900 -2010.777900 -2003.870400 -2000.444200 -1984.316000 -1982.668200 -2114.663900 -1807.426800 -690.012200 67.776300 128.542500 42.786100 43.265500 107.853700 220.185200 218.718000 238.673900 210.386400 170.592800 176.139900 125.474900 118.944800 97.955600 112.618800 98.647700 87.859600 114.801400 127.313700 154.774500 136.576600 137.382800 199.793700 257.828900 308.006300 444.377300 553.109400 551.161500 629.163000 766.261700 810.336300 808.048300 816.378900 689.425900 601.703800 582.972900 587.632800 576.762900 579.303000 793.142300 1016.198100 1188.373300 1166.675000 1118.252900 940.160400 704.432100 621.935200 434.726300 442.432100 636.640400 829.177100 884.105200 769.429300 677.791300 535.120700 420.368700 417.876200 535.205000 645.214900 775.952700 899.858100 1092.488700 1111.238700 1048.362300 913.442200 806.676300 807.553200 761.743900 683.751700 720.653300 941.847500 1067.615300 943.995100 826.861800 709.628300 675.476000 637.636700 544.954100 442.619800 394.635000 359.537700 319.811000 285.132900 256.200000 236.061200 223.805300 213.902000 206.300300 214.655800 237.382000 266.468900 264.118400 276.954100 314.725100 332.105300 344.118800 353.043600 327.406300 349.073100 366.670000 369.871600 293.777300 227.081400 183.364600 182.849600 185.300100 190.347000 213.101400 258.478100 334.621800 337.145500 292.564400 286.124300 339.722600 419.406600 450.048100 544.826200 626.373200 
-2007.994600 -2008.688200 -2009.060100 -2009.902200 -2014.020200 -2026.451700 -2024.747700 -2023.424200 -2021.744700 -2019.582900 -2017.127200 -2014.527100 -2011.571800 -2008.302900 -2003.850200 -2001.195500 -2001.922800 -2006.253000 -2010.034500 -2017.140300 -2021.009200 -2023.950500 -2027.010600 -2028.627600 -2030.203100 -2030.180400 -2029.333400 -2024.826400 -2017.354300 -2009.281700 -2002.232700 -2001.161200 -2000.533400 -2000.092900 -2003.021900 -2059.125400 -2043.702200 -1373.218600 -264.675600 162.062800 61.128400 50.422900 114.641500 112.327200 102.160700 112.417000 152.868200 204.785100 201.081500 192.201300 171.959300 150.260500 135.682800 116.630000 117.257600 123.503300 122.742200 109.639400 99.643300 132.549600 274.777200 333.011800 378.017900 488.784900 472.562000 402.777200 548.299800 638.524300 610.820200 573.983800 506.172700 435.834400 432.989600 568.521600 641.967800 688.065700 795.546600 827.813500 1016.354900 1137.999100 1296.094400 1270.262800 1034.341600 793.431200 477.550500 428.746100 523.716000 759.956400 986.548200 1019.612700 880.239700 770.041300 675.593200 566.605300 469.737400 428.086900 480.016400 597.064500 767.835300 923.792800 1091.410000 1089.659800 1003.245400 961.370400 988.912800 920.993200 798.915700 681.861300 835.865200 1044.688800 1064.927600 910.041400 883.880200 793.931300 713.784100 583.351900 534.178800 504.061000 499.979400 420.316900 374.714600 307.438900 263.980900 232.881500 219.094200 208.680600 204.027200 219.958600 259.437000 282.883000 313.437400 327.543400 329.819800 294.751100 295.685400 331.952000 365.530700 345.175300 251.773300 214.497200 177.109900 176.512400 180.761500 192.868400 219.585800 232.733800 253.029200 308.469700 297.301000 251.622100 257.561300 283.632800 344.508500 410.507000 497.692100 584.860700 
-2002.337400 -2002.674900 -2003.012200 -2003.168900 -2004.445400 -2005.409600 -2005.056600 -2004.912500 -2004.666100 -2003.964400 -2003.063300 -2003.714900 -2002.515800 -2002.321700 -2001.332900 -2000.678700 -2000.329200 -2001.198200 -2002.252800 -2002.528800 -2003.045800 -2005.752900 -2006.627800 -2007.831800 -2008.499400 -2008.917200 -2008.573600 -2006.717000 -2002.442100 -2001.393000 -2001.093200 -1999.971700 -1999.302700 -2000.146500 -2001.494000 -2018.344900 -2032.236300 -1686.459200 -814.745600 27.466900 74.455400 46.316500 97.207300 219.896700 287.252400 273.706700 109.763200 102.578900 228.223500 217.919400 233.449700 180.326300 152.397500 159.929400 118.102900 101.932400 104.603100 119.045100 128.728700 196.941800 276.432400 319.088000 335.734100 341.593500 305.593700 335.354700 369.081200 411.980600 402.951300 291.327300 358.277100 508.134600 597.582300 701.538700 820.468600 970.232100 1034.896300 880.384100 958.721200 1103.106600 1255.002700 1319.739000 1132.847700 979.985900 769.791400 498.518300 529.336200 787.088700 1007.791100 1038.277600 853.916500 863.382800 856.828400 772.710100 669.499000 507.577100 470.187200 513.244300 633.243600 836.643400 954.036800 1103.278200 1080.962700 1101.351500 1120.121200 1048.607300 912.621200 694.905700 850.417500 1066.619000 1179.700200 1056.354700 951.338700 806.996700 748.511700 746.217400 616.168400 622.352000 629.073400 547.828900 433.820000 371.789900 312.449100 264.215200 247.130300 228.619300 212.202800 239.189700 281.000200 298.068500 296.310500 291.861100 279.446300 314.449700 360.595500 354.559600 374.591000 317.249300 303.483200 179.276300 174.009400 175.559400 183.232400 195.322600 220.577700 227.228500 237.278600 253.190600 256.867100 223.916700 229.657400 267.841600 280.248000 346.304000 408.467200 487.490800 
-2000.554800 -2001.011100 -2001.368400 -2001.643900 -2001.912600 -2003.209600 -2003.485400 -2003.197300 -2002.976400 -2002.789100 -2002.893500 -2003.123000 -2002.653400 -2002.437000 -2001.610600 -1999.934700 -2000.703600 -2000.965300 -2002.009500 -2002.301900 -2005.805200 -2007.286100 -2008.234500 -2009.687400 -2010.201800 -2011.308400 -2011.789600 -2011.862200 -2009.185500 -2005.281900 -2005.257400 -2004.183300 -2003.066000 -2000.630700 -1999.955300 -2023.052800 -2051.269000 -2060.919100 -1530.175000 -387.918000 37.756800 46.233600 110.869400 335.603200 361.198800 367.907700 300.375900 199.517500 186.350500 169.050300 150.965100 183.250800 186.325400 154.370500 132.058800 109.098100 102.468300 128.613800 202.368500 214.776100 194.129600 249.589800 288.874600 256.913000 218.258800 306.617600 289.599500 244.276900 224.106600 282.748900 432.588000 567.955400 716.607400 865.201000 974.409600 1039.771500 999.294300 1011.902900 1014.859000 1063.271800 1120.176400 1189.317500 1256.552600 1082.156700 800.177600 619.070900 519.723400 767.998700 1035.484600 1118.028200 1048.809700 1014.197100 985.879500 939.999500 859.967200 676.757000 496.206300 461.490700 559.558700 695.894900 863.962200 1033.736300 1169.824100 1184.622600 1092.852500 990.990500 866.325000 720.625700 839.492800 1036.656200 1196.071600 1137.373200 991.068500 973.778600 915.035700 809.029700 738.941000 649.924600 739.174800 668.423900 561.018400 430.630700 362.470400 332.313000 264.493700 237.044300 222.903000 218.024900 223.370500 255.536700 275.585300 298.431900 333.282400 330.513200 343.589000 332.336800 346.262800 340.879100 239.338700 167.378000 170.729800 180.269100 185.877600 191.734500 201.766500 203.669500 207.299900 205.195400 207.263500 210.870600 213.548300 226.436600 237.330900 286.089300 362.941300 428.733800 
-2004.922700 -2006.227700 -2006.664000 -2007.056700 -2010.810700 -2014.696400 -2014.678300 -2014.654900 -2014.265000 -2013.597300 -2012.699400 -2011.574600 -2009.937300 -2007.561200 -2003.869400 -2000.373900 -2001.624900 -2005.145800 -2008.665500 -2015.536700 -2019.259900 -2023.132500 -2026.500700 -2029.685800 -2033.071900 -2034.563900 -2034.295500 -2034.138700 -2031.691100 -2024.727300 -2015.917200 -2013.765700 -2010.304500 -2005.124700 -2000.993200 -1999.735900 -1988.315000 -2065.471800 -2080.570400 -1208.541500 -135.629100 24.169300 63.726600 221.638600 364.632000 421.679300 387.051900 359.676700 349.361600 330.442600 301.628200 254.511000 254.639400 210.783100 158.165200 94.870800 94.685900 155.231400 285.932600 277.326200 166.426000 177.605000 229.608000 250.427000 270.835200 243.038900 197.700400 181.060000 212.125600 356.136500 506.989300 654.209800 789.662400 915.447800 851.187600 770.414500 732.826300 746.980200 813.731800 865.765700 916.933800 1021.256800 1205.258700 1214.417500 943.300200 739.005000 565.327400 763.170800 989.886200 1143.110700 1152.521900 1174.080900 1093.471000 954.547800 832.490600 675.421300 507.639100 450.285700 482.051700 637.252700 764.664700 924.855900 1134.506600 1188.663000 1092.519100 1031.420600 962.297500 723.635900 823.464400 997.493800 1192.443100 1208.284900 1116.825300 1063.134600 1033.769800 942.984900 708.225500 730.265800 813.045200 761.699500 662.411700 554.662000 465.263900 395.999000 320.601500 255.606700 233.131400 225.669200 230.617100 276.584600 310.049200 323.617500 313.131900 298.142800 299.645700 356.664100 316.471000 231.086000 166.597800 166.237200 171.128900 183.159000 184.146000 186.937600 191.741300 194.441800 197.838600 200.694500 203.140700 208.516800 212.553900 216.666900 226.328700 242.192900 282.586400 355.590700 
-2010.623700 -2011.491200 -2012.701500 -2014.102900 -2029.388500 -2047.918500 -2047.184700 -2045.316400 -2043.085000 -2039.785800 -2035.292100 -2029.819400 -2023.577400 -2016.179500 -2008.136400 -2002.358100 -2002.343700 -2009.554500 -2017.501200 -2023.807900 -2030.933800 -2037.662400 -2043.328300 -2048.160100 -2052.135200 -2055.172900 -2057.145600 -2055.132000 -2051.490100 -2042.564400 -2026.671800 -2023.471300 -2018.841900 -2013.203900 -2005.708000 -1999.885100 -1995.152300 -1987.680100 -2101.012100 -1894.614000 -802.679100 -46.177000 16.387200 108.187700 207.984600 363.140200 428.790200 423.909600 411.587200 395.734700 334.746800 303.332400 309.988800 239.766800 163.251600 118.751400 124.861600 160.412000 221.838500 201.851500 145.311600 139.341100 123.750900 209.777200 234.394900 212.428100 177.339100 168.634200 229.424800 321.457300 431.937400 533.477500 616.045200 626.885900 597.602000 654.397000 776.451800 916.409100 962.997000 1117.469700 1142.294400 1239.509400 1307.980100 1140.058100 834.438600 658.155900 620.013100 834.181400 1079.460900 1238.170800 1163.623200 1026.845400 895.146200 774.932800 699.353900 752.760300 730.022500 602.880100 483.291500 510.316400 592.692900 749.538000 1007.627700 1055.266700 1189.762100 1150.739800 1029.796200 821.028200 948.454800 908.855600 1144.617900 1269.198800 1186.986700 1130.151900 1007.121000 859.296600 758.661600 908.874300 909.915600 878.575300 783.950500 677.816800 527.497400 434.872900 379.800500 289.532700 269.871700 264.487200 245.888600 237.145500 271.932400 278.532400 294.777300 324.021300 331.925700 345.015500 314.171100 184.458400 161.832500 166.536200 178.508700 179.794800 183.780100 185.823000 186.028400 189.502600 193.639700 196.264200 197.380500 199.568200 208.618400 215.770800 221.246700 223.554800 224.079000 239.174900 
-2013.373800 -2014.828400 -2016.515900 -2018.057600 -2034.747300 -2058.381700 -2058.531800 -2057.495900 -2054.839600 -2050.642400 -2044.787900 -2037.157400 -2028.564800 -2019.721300 -2010.455700 -2003.199900 -2002.908000 -2011.365600 -2020.315200 -2029.274900 -2038.634000 -2047.974600 -2055.541800 -2061.097600 -2065.741100 -2068.816000 -2070.517100 -2071.211600 -2068.721500 -2056.636300 -2037.515600 -2034.233200 -2027.588900 -2019.806900 -2012.415700 -2003.927000 -1999.681000 -1997.192200 -2022.911300 -2064.590400 -1657.681100 -530.282400 85.401600 60.463900 144.809200 228.596200 339.488600 418.195000 383.181700 385.757900 373.668200 347.481700 315.703800 235.499400 205.987800 190.914500 167.006500 171.638400 191.004400 148.605000 122.262500 118.189700 143.099000 181.914200 137.786000 159.140800 155.180900 186.654400 266.955400 304.306900 328.168900 341.007200 342.968600 480.135700 609.508700 779.133800 976.003500 1056.874400 1053.727200 1054.945600 1106.243600 1086.585800 1198.740900 1042.404300 1053.922800 874.084000 741.999400 821.714500 1036.967700 1113.487000 1036.677500 935.443600 825.909300 945.104900 974.606500 979.848200 791.159200 576.846500 562.252600 538.555300 571.022100 666.114700 796.881300 958.821300 1172.760000 1250.022600 1191.910000 984.478100 909.821700 972.307700 1016.855600 1213.699100 1193.816300 1098.625500 1054.786400 880.603900 819.953800 1014.289200 1035.808000 973.503300 881.564100 745.855400 600.250200 477.739900 390.342300 320.910100 290.472600 274.533100 268.228700 257.867700 266.994600 296.941500 298.148400 299.168400 344.303500 291.166300 213.148800 158.254400 160.155600 162.770300 176.828100 177.461200 177.492200 175.950500 179.597800 182.591300 185.006000 189.020000 195.229800 196.160000 204.619000 221.019700 226.271700 227.417800 259.072200 328.929600 
-2014.074600 -2016.469200 -2018.231500 -2019.740500 -2037.125300 -2062.855300 -2062.948200 -2062.421200 -2060.463100 -2055.783500 -2048.813700 -2040.532500 -2031.464400 -2021.801100 -2011.894400 -2003.743900 -2003.667800 -2012.094600 -2021.292500 -2030.787500 -2040.178800 -2049.397300 -2057.644400 -2064.303900 -2067.988900 -2070.183700 -2071.577700 -2071.961800 -2071.170800 -2070.204400 -2062.509800 -2038.911400 -2033.946000 -2026.256500 -2019.029700 -2009.234800 -2001.782600 -2000.020100 -1999.462800 -1998.053400 -2056.252500 -1451.099100 -169.229400 128.633800 62.614300 103.220800 204.922900 279.922900 413.212100 408.173700 395.721000 377.453700 282.001900 281.018200 254.062000 211.440700 178.854200 172.679900 171.542400 117.464100 110.974400 102.081800 108.097700 117.322200 139.284600 150.086800 139.117700 191.196200 236.946300 226.934700 211.111000 244.869300 390.024000 557.132300 714.540900 781.253900 795.308300 821.952300 872.895400 947.417600 1009.785200 1141.031300 1246.609600 1211.854900 1020.714700 1078.983500 1064.188600 902.920400 911.438000 1051.262700 1207.770800 1176.554300 1105.487700 1101.675600 940.941600 758.144900 614.007100 697.121300 848.030300 715.415300 549.629900 667.493500 825.443000 961.538100 1072.693500 1248.243200 1226.423900 989.970100 1016.974500 1080.748800 984.314600 1170.861900 1259.848900 1160.001100 940.951000 816.571300 912.544300 1075.235500 1080.003100 998.100900 883.605600 767.796800 639.730400 520.778300 438.841200 386.957600 346.325500 310.686600 301.173400 299.346400 286.790800 275.577300 287.229800 317.102200 340.895200 306.511300 173.713000 156.326200 157.816400 160.448500 165.425200 168.053300 170.281200 173.326200 177.339600 184.758600 190.299000 203.956600 215.645800 241.397100 275.283400 278.127700 295.333300 334.250700 355.931000 356.990800 
-2013.287500 -2015.557700 -2017.268200 -2018.920500 -2034.221200 -2060.456600 -2060.546500 -2059.623300 -2056.555500 -2052.039100 -2045.858500 -2038.381600 -2029.351900 -2020.403800 -2011.191900 -2002.961200 -2002.460300 -2010.322500 -2019.746700 -2028.641200 -2037.351100 -2045.363300 -2052.127600 -2057.943100 -2061.822400 -2064.378100 -2065.433600 -2065.428700 -2065.502200 -2063.547500 -2056.718900 -2043.990200 -2038.198500 -2028.567800 -2022.998200 -2014.646800 -2006.208200 -2001.472700 -1999.881900 -2012.159300 -2062.037200 -1944.787200 -1052.533200 -103.176900 77.703900 53.994400 169.504000 289.213000 430.599500 412.724200 410.260700 381.347900 327.917000 309.426200 314.590000 255.311600 195.082600 197.149000 175.329700 134.169300 115.107400 102.846800 87.055100 142.715300 142.411600 122.781500 192.514300 183.699800 180.271400 155.469200 192.836600 301.989600 443.693400 536.212900 536.264500 681.555000 758.658800 865.926300 979.052500 1036.670800 1071.208500 1103.872200 1021.429300 1234.150300 1261.662400 1215.790100 1280.725200 1185.218200 1144.319100 1155.068600 1245.932800 1119.492600 986.858600 825.591700 705.524100 710.632100 780.432100 926.428300 950.065700 737.885500 574.551600 620.775300 727.513400 827.015700 957.241100 1136.639300 1298.125900 1098.676200 1157.567700 1132.511300 1092.875900 1133.991400 1054.314700 960.698900 840.176300 920.552300 1012.140900 1039.663400 878.036500 746.925900 750.704100 640.197800 612.748700 506.375200 433.030000 459.305300 431.865700 353.344300 283.763700 257.797800 305.360000 314.502800 301.610600 311.252000 323.925700 245.072000 161.918500 154.012600 156.911100 160.570600 163.947000 166.298000 171.014700 179.236500 206.562000 212.901600 225.054300 240.191000 276.015700 333.539600 340.817800 353.593800 365.991100 340.769900 330.403400 325.274500 
-2011.857300 -2012.989600 -2014.290800 -2015.618100 -2027.702700 -2052.049100 -2051.122900 -2049.128000 -2046.476800 -2042.747300 -2037.780900 -2031.715700 -2025.069200 -2017.632600 -2009.210000 -2002.743300 -2002.225700 -2008.534900 -2016.188100 -2023.695500 -2030.347500 -2035.922800 -2040.842500 -2044.700000 -2047.848900 -2050.187000 -2052.301500 -2052.641000 -2051.586400 -2050.065700 -2046.304200 -2033.772400 -2028.289300 -2024.719300 -2019.132800 -2012.419100 -2005.710500 -2000.987300 -1999.185600 -2000.104100 -1999.363000 -2097.528600 -1843.092700 -755.422200 97.693300 55.297700 93.280600 215.842400 313.771500 344.858800 303.201100 314.438600 309.159000 350.622900 372.699100 289.665700 242.980400 187.100100 163.395400 155.112400 105.093300 83.842900 103.768100 124.227300 135.676400 218.506800 229.855600 164.124900 108.759500 182.612600 257.860700 341.544800 443.422600 354.358700 423.545100 538.081500 590.139700 666.529300 789.564300 824.425700 880.237400 913.068600 1072.824000 1166.131500 1130.724100 1182.709600 1136.951900 1109.044100 1005.844000 1043.538500 1149.690100 992.762600 857.065600 838.373900 949.045100 930.826700 891.934200 1086.478500 938.550100 668.730600 623.443500 670.281400 604.309400 730.902200 897.963700 1028.789100 1170.519500 1202.358400 1267.751000 1265.477500 1174.023200 987.843800 883.622300 863.490300 1009.093700 1084.981200 1009.055800 811.332300 812.091900 903.050400 899.966900 784.884700 635.704500 535.436900 437.069200 393.420100 408.237100 376.456300 311.531100 255.089500 259.174800 265.672300 310.475800 316.266500 321.078300 241.561200 157.232600 151.507100 155.093600 158.764800 162.865200 166.462400 177.791400 202.833400 207.447500 212.320900 226.807000 272.005900 307.494500 286.316600 315.102100 348.972500 314.724100 302.737000 297.771800 202.805300 
-2008.243500 -2008.607000 -2009.239900 -2010.240500 -2012.983700 -2018.667600 -2018.421000 -2017.892700 -2017.077400 -2016.069000 -2014.672700 -2012.230600 -2010.608800 -2007.752800 -2004.654000 -2000.690500 -2000.931000 -2004.777900 -2009.268800 -2012.964100 -2016.363900 -2019.060100 -2021.005500 -2022.459200 -2023.296700 -2024.825700 -2031.849100 -2032.272500 -2031.114200 -2030.542300 -2017.692800 -2012.679700 -2009.282400 -2008.746600 -2007.776100 -2005.204000 -2002.456900 -2001.373500 -1999.669800 -1999.708100 -1985.067400 -2025.053100 -2144.526000 -1578.659200 -435.196100 31.782100 58.484900 169.172500 226.807000 244.915600 331.311700 386.223000 348.753600 314.798700 341.382800 279.980300 268.879200 212.170400 180.330000 127.149300 95.953700 99.739800 80.862500 120.232900 158.634700 219.338000 143.004100 -50.132400 -97.299800 123.812400 204.216800 262.772900 259.874400 288.984800 334.594000 441.120000 654.385700 827.231100 972.676600 1073.000200 1112.305600 1199.675300 1146.312300 951.599400 1045.475300 1052.305100 939.796400 935.053900 883.512300 1148.074800 1113.955900 1002.605600 1122.432200 1146.011700 1186.227600 1189.330000 1151.335300 1059.611400 811.059500 638.712700 748.118900 853.094900 677.083600 715.308700 874.060600 993.928400 1051.395300 1235.462200 1286.933000 1136.115800 1051.869900 999.302300 1039.955300 1028.329800 1038.385000 937.461600 845.915800 890.909700 1015.041400 1031.763600 961.760300 832.678700 773.044100 643.496800 518.607700 421.328000 365.116200 339.681700 324.619300 326.349400 281.693700 227.546100 237.012000 281.541800 274.882600 217.002800 161.201100 148.402600 148.575200 158.659300 160.958600 171.251000 182.516200 201.385700 205.398700 202.923800 237.660200 285.061200 302.120600 262.274900 278.561400 269.229300 272.782200 274.455000 204.858700 270.097800 
-2002.174400 -2002.057300 -2002.911300 -2003.615600 -2003.599800 -2006.229200 -2005.731300 -2005.258500 -2004.926300 -2004.726800 -2004.158300 -2003.721600 -2002.935400 -2002.126200 -2000.770500 -2000.352900 -2000.373200 -2000.472300 -2001.642100 -2001.367900 -2002.474600 -2002.235500 -2002.686300 -2003.412000 -2002.715600 -2003.084000 -2004.207600 -2004.166400 -2003.463400 -2002.181100 -2002.159400 -2002.036700 -2001.613000 -2001.910400 -2000.995700 -2000.676700 -2000.204500 -2000.057700 -1999.856300 -1999.959300 -2001.006600 -1998.670000 -2046.778800 -2000.118200 -1184.330000 -158.436300 58.924000 114.953300 191.974000 266.818600 373.468600 374.254300 382.133500 353.707800 327.664100 278.445000 270.297100 235.785700 210.942200 176.110100 145.462400 133.853700 142.649800 134.796500 83.654800 97.860300 29.336000 -262.978000 -422.164300 -387.159100 -8.944800 168.005800 248.589600 326.236800 416.314300 554.261800 651.157500 848.260000 1000.813400 1104.940800 1195.051500 1202.848000 1102.848400 896.976600 851.307000 876.038200 809.611600 741.748800 937.300600 1112.183200 1200.112200 1126.975300 1131.908400 1146.095400 1193.933100 1224.203100 1106.385600 902.400200 691.204300 701.358600 930.545900 936.408300 734.514300 743.110500 920.022600 1079.439400 1152.895000 1204.352200 1215.015000 1255.170100 1248.691300 1232.195500 1187.285300 1097.125900 932.170800 855.422600 927.283500 1065.236800 1150.314800 1121.323100 1005.891900 901.230100 779.864000 652.440400 562.180900 464.162200 375.978200 315.388600 294.650600 303.019600 326.826600 282.736500 210.598200 214.205600 274.288600 210.888100 160.321500 147.286200 144.566800 146.335700 157.463100 160.267600 178.349100 194.747400 190.725500 209.390900 240.076000 300.247000 277.928000 236.954800 196.646600 217.549900 246.618600 195.938900 267.451600 293.763000 
-2000.548700 -2000.756700 -2001.198700 -2001.740300 -2001.688700 -2002.680600 -2002.585700 -2003.036700 -2002.865800 -2002.596400 -2002.252500 -2001.896700 -2002.083900 -2001.834300 -2000.546800 -1999.993000 -2000.289900 -2000.341100 -2001.892600 -2002.074800 -2003.512500 -2003.979400 -2004.304600 -2004.730000 -2005.488700 -2008.314300 -2012.730800 -2013.543500 -2013.825900 -2009.040900 -2005.624300 -2005.453700 -2005.456200 -2005.902400 -2006.870700 -2006.865000 -2006.568600 -2005.834800 -2003.830200 -2001.056600 -1999.520800 -2003.745500 -2015.225800 -2055.495700 -1880.931700 -779.444500 5.338100 81.374000 199.638000 305.903500 297.137700 252.949500 230.058700 305.274000 331.862500 337.086500 342.133300 315.558200 278.855100 233.048200 172.695700 186.895300 154.972900 89.255800 140.731800 179.860600 148.971700 51.938300 -99.511200 -114.817000 40.025700 211.214300 322.604500 384.989600 449.195900 501.004100 576.274700 698.360600 819.654100 954.459700 1100.958900 1059.964600 1011.878900 856.292900 649.034300 682.761800 743.141000 924.816700 1108.436300 1197.978800 1178.935600 966.632400 929.610200 892.753400 879.526600 862.355900 811.338200 719.975000 687.745500 868.618100 1050.719700 986.613200 801.717900 751.381700 937.762700 1108.619800 1182.743200 1103.426600 1070.768400 1105.087900 1204.095800 1292.941000 1113.746200 1013.420500 933.227300 979.480300 1008.074300 1155.868300 1219.418100 1079.724600 1016.221900 953.466600 870.492600 781.934000 668.000800 540.496700 414.244100 320.748000 269.156200 249.666100 263.817600 274.890800 257.890100 224.649900 203.025900 221.462600 166.481500 148.900900 144.258100 142.344400 141.457300 152.967200 159.901600 177.974800 169.520400 196.923100 227.740600 249.852700 268.650700 204.106800 163.514100 192.438700 166.980700 177.044900 205.689500 206.647700 
-2004.609600 -2005.074400 -2006.299400 -2007.682800 -2009.486600 -2014.166800 -2013.692800 -2013.844500 -2013.743400 -2013.369500 -2012.201100 -2011.182400 -2009.595000 -2007.537700 -2004.599800 -2000.790400 -2000.638900 -2003.939400 -2008.667000 -2013.024100 -2017.050200 -2020.367100 -2023.168200 -2025.917400 -2028.623600 -2030.492600 -2032.241100 -2033.589500 -2034.825400 -2034.968800 -2030.527700 -2018.808600 -2017.702000 -2017.702800 -2018.646000 -2018.446500 -2016.302100 -2014.043400 -2010.092000 -2003.950600 -2000.509500 -2001.356100 -1996.393700 -2048.720600 -2056.157300 -1366.480600 -296.179100 64.895900 175.476900 246.123900 169.252600 113.939300 76.375800 59.234500 116.970000 165.953600 215.714800 162.509200 178.596700 185.300100 143.333800 110.575500 94.785800 97.598000 136.499700 171.081300 185.578500 145.739000 103.837900 131.849300 187.743200 236.111900 296.185300 317.781600 405.696600 419.221300 482.122500 598.935300 685.631500 849.574000 934.353700 879.835600 808.712300 677.634100 525.210500 751.134300 1015.496500 1217.472600 1222.240500 1353.068600 1192.020800 1027.678700 898.529500 895.827200 958.583600 1014.961400 971.736600 936.017000 969.791300 1117.674600 1123.550000 969.279800 797.457900 793.144000 988.408800 1170.920800 1151.740800 1043.067600 918.268500 919.657500 1031.217000 1219.042400 1226.950700 1221.415800 1135.475700 1159.430600 1173.007500 1120.801600 1078.482600 1022.801700 951.977000 880.082700 808.857000 739.376900 658.226700 534.740600 522.166000 407.159500 314.138400 243.956700 236.202400 229.789200 233.604500 226.354500 214.248400 192.949200 175.211100 165.517000 156.278700 139.289800 139.238900 140.414900 139.229700 149.824200 154.378400 176.468400 216.801200 229.740100 192.883200 155.631700 158.388200 165.251700 179.340000 198.850600 245.632500 297.762000 
-2010.203200 -2011.207500 -2012.292000 -2013.605800 -2016.232400 -2040.306000 -2040.497600 -2039.944900 -2038.732000 -2036.516700 -2033.122600 -2028.383900 -2023.164400 -2016.794400 -2009.528600 -2003.566000 -2002.102800 -2007.441500 -2015.670400 -2022.931500 -2030.445400 -2036.493400 -2041.565400 -2045.564200 -2049.492900 -2047.561700 -2050.360200 -2051.455500 -2052.253500 -2054.122100 -2055.032800 -2056.277900 -2054.326600 -2052.574700 -2029.150400 -2028.156800 -2024.378000 -2020.382100 -2013.237100 -2006.137100 -2001.662500 -2000.984900 -1985.816000 -1957.712800 -2171.070400 -2057.070700 -395.429000 90.520400 127.951000 142.229100 62.493000 55.664800 92.018100 142.138800 232.340800 257.277500 237.659100 284.814600 257.651500 213.792400 187.208900 139.812700 113.143600 114.890700 161.016500 199.021300 219.782300 215.953300 195.388600 237.250300 195.294900 206.787500 256.207700 288.667000 376.405500 359.938900 405.595900 491.915100 575.711500 674.283000 691.687600 590.079000 557.193900 492.422400 664.334000 818.224100 1041.692300 1258.675800 1393.677700 1215.024700 1055.561100 1048.644300 1094.752700 1050.591700 1024.460300 1079.615500 1139.402700 1224.159100 1185.347000 1255.734000 1139.803200 963.231200 793.162500 869.162800 1048.636100 1218.364500 1167.320200 1094.499600 983.304600 802.853800 816.446000 963.967200 1097.806100 1135.545900 1183.907900 1241.624000 1177.008400 1094.883800 1034.049900 1020.394800 988.924000 928.887100 864.820900 775.927700 677.248400 635.822400 615.762400 532.529000 412.036800 303.913500 230.393300 207.930100 200.521300 198.588000 196.848200 193.095900 184.035700 166.737900 153.882800 153.178600 137.489200 135.405800 135.791900 141.138500 140.840100 162.164600 216.213000 174.637600 146.401200 161.019300 203.499400 230.687000 270.572700 301.082200 312.376400 319.520600 
-2013.055700 -2014.514600 -2016.206300 -2017.673000 -2025.013800 -2058.763400 -2058.939400 -2058.076800 -2055.244800 -2051.543900 -2046.307200 -2039.387900 -2030.843300 -2022.069300 -2013.046300 -2004.936700 -2002.276400 -2008.396000 -2018.180800 -2026.975700 -2035.792300 -2043.962300 -2050.220300 -2055.000300 -2058.651800 -2062.076800 -2063.841900 -2064.502100 -2065.668100 -2066.799700 -2066.928900 -2066.732600 -2066.917300 -2064.190000 -2055.975500 -2033.649800 -2029.447400 -2024.064600 -2016.272700 -2006.126300 -2000.586000 -2000.729800 -2000.309000 -1979.992000 -2038.463600 -2213.398700 -1552.487300 -356.510800 -44.840800 10.449900 21.799700 110.529300 206.815600 262.935800 327.790800 320.082500 290.853700 276.277000 325.386000 310.817300 244.720700 189.164600 138.209400 176.323700 235.327300 238.776500 211.641200 210.192700 175.403000 207.393600 214.905300 183.085700 184.345900 213.198600 261.348800 304.516200 325.407000 370.907200 422.256600 431.434800 419.205600 451.047800 538.858600 725.035800 860.415400 967.036300 1124.574300 1265.606200 1233.170100 1213.944100 1012.319100 828.453200 830.115800 828.797300 816.413900 847.235100 917.684600 1010.270900 1176.261400 1277.112700 1184.202600 1047.386700 859.847300 847.793700 992.136100 1169.629500 1150.535100 992.430100 912.192900 883.160000 719.374100 726.590500 807.050500 889.896000 932.713900 998.149400 1183.040800 1148.568400 1018.510600 996.720900 936.769400 926.267400 873.602100 775.807700 703.180400 663.228700 663.676800 628.839400 541.922900 419.541800 285.859600 238.197700 211.510200 203.808800 214.046900 195.973000 180.025900 179.887300 182.325900 173.027400 142.105800 133.593500 133.165000 135.780000 136.833100 137.118300 148.850900 139.644900 158.471400 236.666600 268.047600 271.982000 295.870100 309.571500 321.210000 330.864400 
-2013.199900 -2015.766000 -2017.584200 -2019.217200 -2025.760000 -2062.378700 -2062.739600 -2062.250200 -2060.585100 -2056.519200 -2050.123300 -2042.356600 -2033.479700 -2023.772000 -2014.303000 -2005.867000 -2002.510500 -2008.810700 -2019.193400 -2028.355200 -2037.609800 -2045.998000 -2053.238700 -2058.868700 -2061.810500 -2064.499000 -2065.924900 -2066.831500 -2068.061400 -2068.768400 -2069.339800 -2069.572300 -2069.385300 -2068.715700 -2059.971900 -2040.370500 -2031.136800 -2025.099900 -2016.507900 -2006.586700 -2001.231100 -2003.640700 -2001.425400 -1999.700800 -1981.962100 -2078.787800 -2086.822100 -1294.183100 -230.570100 103.107500 42.873900 92.128200 175.863800 304.688200 308.553700 281.512100 282.905800 269.482500 256.384000 281.894800 308.009800 261.147000 250.866900 243.360700 234.346100 232.894500 222.181300 162.488700 120.511800 87.963100 67.231300 78.026200 95.337100 138.391600 197.362700 266.475500 275.461200 272.143700 331.446700 377.302500 416.183200 580.288200 696.133100 890.569900 1062.358700 1109.820900 1121.887400 1090.297700 985.186000 1169.538100 1156.626000 996.382400 826.022500 755.335900 715.097000 668.720800 702.651800 840.186900 979.391600 1123.495400 1134.556400 1064.968700 1009.186500 1021.007900 1094.666600 1169.511200 1205.490800 1140.027900 1033.742600 849.855000 799.430300 706.649300 673.874200 719.454300 775.877700 924.116000 1098.426900 1071.902800 931.195900 813.015000 814.956900 702.151700 683.412500 589.655800 521.447400 548.341600 633.239200 678.279200 610.004000 511.828700 332.511500 296.472900 321.468500 271.891600 278.164000 276.859200 282.137600 254.515400 249.091900 221.245900 174.269900 141.462900 132.794100 131.641900 135.032800 134.308000 135.273600 142.430600 169.829400 189.179200 231.704600 279.097100 292.220400 303.246900 310.344000 308.559700 
-2013.447200 -2015.288600 -2017.033300 -2018.697800 -2023.735500 -2060.507400 -2060.610800 -2059.979800 -2057.665000 -2053.658100 -2048.135800 -2040.764800 -2032.088700 -2022.891000 -2013.597400 -2005.598500 -2002.670000 -2008.165000 -2017.447900 -2026.294100 -2034.779400 -2042.610900 -2048.947600 -2053.326900 -2056.950800 -2059.697000 -2061.268000 -2062.488300 -2062.797000 -2063.455300 -2063.451300 -2063.599800 -2063.628500 -2062.167200 -2054.263400 -2045.349400 -2030.390300 -2023.195500 -2014.605800 -2005.248800 -2000.994800 -2003.648800 -2003.182500 -1999.658700 -1992.152400 -1959.659400 -2103.299400 -1904.023200 -844.114500 40.258700 96.945800 51.175100 136.792500 259.258000 350.029400 325.003200 302.075100 293.198200 252.832100 260.164600 231.414600 245.661700 261.113600 247.004400 219.699500 229.152400 162.241200 83.213800 9.592100 -50.621100 -91.540300 -105.254100 -86.255300 -36.404500 49.797500 146.695600 221.021400 295.609800 377.087100 513.179300 576.404700 671.334600 779.679300 866.629300 863.981600 883.852400 843.110000 822.161100 952.742500 1141.830400 1241.096300 1122.304100 1063.579700 1094.818300 1077.022300 889.983200 681.295100 699.144100 911.599200 1140.554300 1261.420600 1237.885200 1226.737400 1088.683400 1164.829800 1207.748300 1163.200100 1036.985200 985.382700 999.797100 960.808700 901.120000 734.034600 629.373000 663.275200 757.043000 949.485900 963.861100 814.168000 716.025200 704.354600 592.543100 513.884600 587.429600 625.947600 518.987800 481.188800 556.325400 615.874500 564.626000 443.932600 358.908700 373.629700 346.902300 326.660400 342.079300 328.019400 284.201500 262.985200 247.601900 212.588700 165.239800 131.631000 127.796400 126.392700 129.407900 129.229800 131.487600 151.478000 213.588700 226.871300 255.472100 250.643900 241.990800 243.985900 227.393200 
-2011.738400 -2012.790700 -2014.074500 -2015.512300 -2018.404800 -2052.218800 -2051.801800 -2050.092900 -2047.501800 -2043.917200 -2039.228700 -2033.254600 -2026.535400 -2018.996200 -2011.217700 -2003.698300 -2001.366600 -2006.153400 -2014.133200 -2021.254800 -2027.698300 -2033.571600 -2038.179300 -2041.894300 -2044.882700 -2048.002800 -2049.456000 -2051.071800 -2051.566900 -2052.033000 -2051.877300 -2051.364400 -2050.917000 -2048.141100 -2039.916200 -2033.674600 -2023.430100 -2017.710500 -2010.744700 -2003.957300 -2001.083300 -2002.942300 -2003.639700 -2001.222100 -1999.865500 -2004.693100 -2054.532900 -2097.478000 -1557.479200 -416.988200 122.677300 58.977200 102.602300 193.145100 332.985800 339.435200 319.528900 304.015000 287.855700 256.510800 219.147200 226.882500 222.531400 214.139500 233.120800 169.915200 65.029100 -39.484000 -145.178300 -231.235100 -283.337700 -311.535600 -309.158800 -273.097900 -202.155600 -94.640300 70.571900 239.671400 398.986200 506.229400 599.614200 596.375800 574.983700 592.157800 710.984400 761.165700 837.977900 848.092800 998.330500 1142.794400 1281.648800 1128.869900 927.024500 1007.123600 1016.466800 906.836300 732.206900 634.881200 773.736500 959.466600 1189.441300 1370.779600 1289.837500 1074.721900 1029.662000 1064.126500 1156.315300 1182.297300 1264.931400 1168.473000 1032.496600 936.806700 872.766900 680.680500 594.887500 629.347100 802.242800 875.384700 795.377700 647.199300 585.245300 565.575700 678.158200 818.667900 787.303700 711.937000 558.532900 415.294400 414.683600 475.787100 447.921100 379.035600 345.722200 299.185200 294.234700 326.836000 327.183600 291.782500 264.875200 250.770000 236.576800 182.206400 156.789100 127.783000 125.529400 123.111200 124.996300 126.505800 130.775900 172.951100 199.370000 206.038200 198.296700 194.435500 189.261700 177.867500 
-2007.395100 -2008.023800 -2008.833500 -2010.001400 -2010.338200 -2027.075700 -2026.020300 -2024.423300 -2022.754000 -2020.821500 -2018.269000 -2015.374600 -2012.453800 -2009.484600 -2005.730300 -2002.138500 -2001.674100 -2003.544900 -2007.172500 -2009.999500 -2011.885500 -2013.311200 -2014.296300 -2014.244500 -2014.522200 -2014.985200 -2027.346000 -2031.814000 -2033.061700 -2032.265700 -2015.473100 -2014.921500 -2014.872100 -2014.051200 -2011.374400 -2008.507500 -2004.154600 -2003.348500 -2002.216200 -2000.794100 -1999.420800 -2000.789000 -2002.792000 -2001.821600 -2001.105200 -1997.550600 -2002.866400 -2078.508200 -2072.435600 -1082.034100 -78.584400 54.274600 63.533000 164.296900 347.360200 356.781700 343.701100 311.778000 297.944300 281.119200 262.095900 243.272600 231.124400 223.262700 195.318500 90.193100 -32.639400 -163.480200 -289.981100 -384.429100 -451.336800 -486.174200 -493.923400 -478.806800 -449.856400 -378.070300 -214.259300 35.008000 268.305300 345.620900 384.153300 393.493900 529.040700 658.624600 886.763800 991.242700 1048.230200 1048.753000 1168.523300 1208.719700 1137.354500 1148.680700 925.123600 807.103700 795.211500 785.604400 656.897200 607.009000 655.404300 805.985200 963.521000 1180.851900 1172.120600 1085.958400 971.822600 886.753100 1012.142100 1124.239000 1239.453900 1130.357600 975.011000 838.872400 797.910400 757.430000 633.907000 570.878700 654.836800 736.533200 639.678200 549.215300 587.026400 691.984900 826.008100 933.910800 927.782000 836.023600 744.515400 585.457100 493.891300 430.686100 398.290400 363.246900 303.091900 260.591300 248.915700 245.199800 233.392800 235.477400 252.608000 256.969100 249.256200 204.332000 172.911300 152.961200 138.720300 123.202200 121.146000 122.091100 117.991100 167.853600 180.609400 167.980700 161.998100 159.025100 148.089000 148.531800 
-2001.909200 -2002.534800 -2003.292300 -2003.214400 -2003.091800 -2005.661900 -2005.174200 -2004.915000 -2004.759200 -2004.380200 -2003.733900 -2003.959200 -2003.327900 -2002.563200 -2001.728500 -2000.967500 -2000.172200 -2000.301500 -2001.511800 -2002.237000 -2002.356000 -2002.477200 -2002.558200 -2002.661200 -2002.992200 -2003.356500 -2003.841800 -2007.341200 -2008.958800 -2003.353200 -2003.631600 -2003.183800 -2002.644800 -2002.486400 -2002.578300 -2001.867000 -2001.175100 -2001.593100 -2000.894300 -1999.579900 -1999.863000 -1999.508500 -1999.740900 -1999.524600 -1999.475600 -2001.099900 -1996.548900 -1998.799800 -1891.568500 -1270.040300 -368.418300 24.153900 42.136600 151.754900 328.252700 378.844900 373.272300 336.359300 321.556400 302.851700 292.079500 269.027700 271.586300 240.804200 150.918100 52.050400 -84.669300 -231.178300 -368.498200 -450.919000 -518.328600 -557.334500 -552.795200 -546.274500 -531.582400 -456.784800 -259.174300 48.184900 294.289800 319.062200 424.524500 531.393700 667.699600 819.842100 883.375000 947.631900 992.341100 1039.523700 1159.994100 1148.150500 949.525900 1156.509900 1072.608500 985.596100 918.222500 867.000400 717.834000 577.267000 511.788400 614.450400 789.082600 993.411700 1165.876100 1213.615800 1090.251400 930.060000 855.775100 932.496000 1107.207500 1097.302200 978.810600 979.040500 986.251800 849.761900 775.811500 627.317800 552.026500 549.008300 569.920400 657.042600 731.020100 851.829000 978.128100 1014.814300 1028.217000 920.682300 803.521400 733.873800 646.656800 580.702200 516.705900 430.010600 358.424200 300.680200 261.491000 240.979300 233.480000 222.213600 201.431400 204.486100 224.586600 230.497700 207.586200 183.937300 166.182500 151.916200 140.395300 127.734300 121.229200 114.835900 129.007700 148.082700 138.781200 134.506300 135.497900 152.852900 
-2000.229500 -2000.520800 -2001.128100 -2001.485800 -2001.822600 -2003.430800 -2003.143500 -2002.746400 -2002.499200 -2002.593500 -2002.621400 -2002.898300 -2002.496800 -2002.304800 -2001.681000 -2000.980800 -2000.262900 -2001.283000 -2001.845900 -2002.881900 -2003.190600 -2004.118900 -2004.331000 -2004.535400 -2004.865700 -2005.641400 -2006.414600 -2013.766600 -2017.454300 -2007.400100 -2007.269800 -2007.490300 -2006.927100 -2006.683700 -2007.499400 -2007.787300 -2007.274400 -2006.057100 -2002.586100 -2000.682200 -2000.423600 -2001.873900 -2003.563100 -2003.419300 -2001.766400 -1999.925400 -1998.639700 -2002.527000 -2062.439800 -1788.532700 -744.186000 -23.871800 45.323600 126.589600 249.455300 384.436500 388.977300 354.327000 324.815900 302.215400 272.345800 255.219000 254.166200 221.768000 154.707800 42.383300 -91.354700 -219.391900 -313.238700 -378.302200 -412.661400 -433.588300 -435.304600 -423.832100 -409.037600 -325.905300 -119.092900 109.301200 286.611100 402.875200 491.711400 617.917200 708.097900 710.873800 765.030100 795.983300 769.494100 794.701700 872.373100 981.694700 864.903700 1100.478700 1096.982100 957.743700 843.672900 861.952200 846.711200 730.516500 543.528500 488.410100 596.077500 768.499600 993.837900 1164.670000 1124.484100 1028.547900 873.763400 789.751700 905.776700 1078.234100 1098.291900 1078.294900 988.665800 843.474400 709.980800 582.030200 652.189300 744.428500 788.355400 867.645700 909.083400 948.802200 1044.946600 1107.501100 1025.387400 922.640000 816.726000 734.740900 616.849100 555.654600 541.108500 498.868100 393.563600 346.648700 305.228800 254.924900 237.369700 231.014700 228.931900 200.823000 186.661400 193.391900 205.414600 198.853200 179.536000 168.782700 163.953600 156.913900 151.404800 133.115500 112.589600 114.038600 121.563000 128.835700 150.280900 193.787900 
-2004.456200 -2005.613900 -2006.293900 -2006.948900 -2007.857400 -2014.299300 -2014.530000 -2014.640000 -2014.359300 -2013.966100 -2013.293300 -2012.202100 -2010.877100 -2008.798000 -2005.969400 -2002.157500 -2000.699700 -2003.358700 -2007.035400 -2010.149600 -2012.665400 -2014.862800 -2016.812500 -2018.825700 -2020.043300 -2021.731400 -2035.522900 -2039.991000 -2041.088600 -2041.739100 -2030.950700 -2028.776400 -2029.217100 -2029.074500 -2028.582600 -2027.313100 -2024.506500 -2019.866800 -2009.327100 -2003.904800 -2001.708700 -2004.847900 -2007.850000 -2007.453900 -2005.078000 -2000.983800 -1997.943400 -1990.391800 -2073.675500 -2024.795100 -1111.306400 -156.095100 48.895200 72.349600 141.839900 277.919000 408.874500 379.346200 338.636200 312.986800 275.539800 256.752500 233.261700 209.290500 149.634000 61.935700 -61.203900 -179.594600 -266.627200 -334.751600 -363.791100 -314.199300 -315.725000 -331.540300 -336.500400 -248.795200 -104.784300 74.885400 246.392300 396.765000 499.910300 519.661400 549.685800 560.649600 616.730600 630.270900 672.838000 735.935900 745.872600 768.620500 908.732100 1148.321300 1143.379700 1046.898600 1138.828000 1192.466100 1042.528300 919.565800 824.897000 555.532200 485.987000 624.148100 775.299000 995.983300 1082.568700 1042.342600 918.032900 806.197800 793.951400 930.144400 1094.342200 1055.449000 969.525000 753.692500 627.535100 671.275300 808.837700 926.613300 905.861200 1039.508200 1030.061200 1047.581700 1069.075500 1041.418400 984.417100 814.505200 711.808000 658.616200 698.042500 709.882100 638.492300 550.030400 421.536900 342.634600 306.159000 277.433300 251.406200 228.548900 216.204000 214.767100 198.278700 188.751200 168.868700 159.825300 163.810600 158.356600 148.827400 141.984800 135.503600 127.184900 117.182200 115.144200 120.454200 137.368900 184.702100 270.047200 
-2009.900300 -2010.977800 -2011.891900 -2013.486400 -2014.412900 -2045.789700 -2047.999600 -2046.204300 -2044.426900 -2041.631300 -2037.661800 -2032.425400 -2026.948600 -2019.788200 -2012.049200 -2004.976600 -2001.783400 -2005.247300 -2013.482700 -2020.914300 -2028.015300 -2033.934300 -2039.908100 -2044.434800 -2048.098900 -2051.574500 -2053.890000 -2055.849500 -2056.845100 -2057.431300 -2057.769000 -2057.912100 -2058.436200 -2057.891500 -2056.477700 -2052.896400 -2047.143700 -2039.006100 -2025.950900 -2007.996000 -2001.978200 -2007.439300 -2013.454800 -2014.084400 -2010.090000 -2003.580300 -2000.250500 -2000.718200 -2056.489800 -2080.816800 -1445.030700 -346.571300 45.489500 19.194400 103.410600 160.330700 274.002900 377.440600 360.693300 321.967700 295.358800 272.832900 214.208800 205.583900 184.082000 116.835500 -5.342200 -148.957900 -246.897900 -328.975400 -339.257100 -363.791300 -366.056200 -330.870100 -293.793200 -270.307800 -167.694400 -21.890300 155.889400 262.487200 325.675400 382.953600 493.277500 586.171200 732.325000 893.087500 871.579300 1028.185800 966.263200 827.475600 976.092200 1211.880900 1190.795400 1033.297400 1020.306600 1018.497500 951.474100 916.146400 851.578700 616.782900 434.422300 509.058200 658.638000 825.016600 970.796600 941.858500 838.662000 772.457700 779.154300 899.222000 1093.085400 1060.738300 929.791800 860.686600 655.434000 733.958700 937.133700 1053.742300 1062.126900 1063.576200 1144.000100 1083.927200 1029.878000 973.127700 937.360200 858.799400 806.391000 776.066000 818.465800 809.033500 724.177700 605.839800 478.760300 416.404800 403.584800 334.454100 296.954400 271.279200 233.387400 206.328100 199.531100 187.186600 180.444100 177.964900 178.748600 174.217300 167.800600 159.878800 153.690700 146.467700 121.910700 113.589800 118.970100 157.453800 242.520600 252.974300 
-2012.365800 -2013.940300 -2015.569400 -2017.270900 -2018.713500 -2054.666200 -2058.555200 -2058.246200 -2056.386400 -2052.994400 -2048.136800 -2041.432000 -2032.896800 -2024.402500 -2015.308400 -2006.466300 -2002.161100 -2006.308000 -2015.939900 -2024.792900 -2033.669800 -2042.015100 -2049.118600 -2054.426100 -2058.566000 -2061.521200 -2063.375000 -2064.692100 -2065.683300 -2066.066800 -2066.474400 -2066.919600 -2067.237400 -2067.572800 -2066.434900 -2063.458200 -2058.275400 -2049.092300 -2035.640400 -2010.941300 -2002.570500 -2010.837800 -2018.888700 -2020.054900 -2014.464100 -2005.664600 -1999.772800 -1997.889800 -2006.178700 -2140.710300 -1750.233600 -623.326600 59.227300 29.742900 56.834000 117.393800 175.524900 313.855000 380.652100 355.111700 283.049800 226.985100 238.953400 212.640400 191.846700 150.090400 19.314200 -130.909100 -233.552200 -327.168100 -355.791100 -346.096100 -409.550100 -426.288200 -355.603500 -278.034800 -196.693100 -61.315200 114.071200 262.205500 377.884700 502.753700 693.608400 899.655200 1006.550400 1103.070600 1109.342900 1168.035600 1076.895400 1008.192400 1001.033800 1155.136700 1231.907100 1016.343400 909.444400 777.626900 731.118600 699.805600 630.903200 508.026700 371.278500 390.142500 493.371800 631.396500 752.735900 827.677600 866.399100 862.809900 741.219700 842.992400 1048.850100 1175.637400 1013.692100 904.755700 726.439500 750.526600 922.560600 1091.970100 1134.167800 1038.645600 956.117600 864.326600 906.185300 822.676800 885.595100 841.476600 928.061500 888.760200 913.214200 859.131100 771.702200 626.597200 507.556300 434.407400 402.692300 396.987500 308.646200 256.042900 246.432400 237.123700 201.173100 189.866300 181.479500 176.056100 170.578200 170.694800 163.853300 156.563600 151.146900 139.790300 110.767700 108.276500 112.121200 119.923200 184.954200 197.890700 
-2013.092200 -2015.222400 -2017.284500 -2019.036000 -2020.505500 -2057.594000 -2062.947300 -2062.930000 -2062.014100 -2058.775600 -2052.566100 -2044.851500 -2036.008500 -2026.590500 -2016.887200 -2007.557100 -2002.226600 -2005.805900 -2016.841500 -2026.040100 -2035.481500 -2043.919700 -2051.306100 -2057.078900 -2061.138800 -2063.555900 -2065.353900 -2066.403000 -2067.067600 -2067.742800 -2068.403600 -2068.775300 -2068.503900 -2068.871000 -2067.811500 -2064.888800 -2059.384300 -2050.816600 -2037.497200 -2020.360100 -2002.744300 -2011.518300 -2020.465700 -2022.543900 -2017.645400 -2008.655500 -2000.858000 -1994.889700 -2000.578600 -2085.774100 -1933.970300 -1008.306300 -97.703400 65.436400 72.653300 122.882700 153.502200 217.030500 370.095200 352.424300 230.945500 248.298800 271.768400 229.040000 191.537900 146.910300 -15.217000 -147.172900 -252.346000 -356.353100 -464.945900 -513.706900 -511.792500 -502.679500 -461.428700 -370.416800 -276.761100 -135.852200 49.613900 263.783600 444.507900 660.434000 770.258400 860.265700 899.016500 925.811500 936.300300 1022.585400 1084.612100 1104.194700 1137.307200 1093.540700 1207.222400 1185.784700 1043.439900 915.631800 940.202100 922.984300 841.987900 700.640800 508.000000 369.350800 340.472600 405.798800 562.005600 732.853300 916.006100 928.024200 748.404400 795.359300 927.100900 1087.780100 1113.839600 1030.575800 841.669700 768.196000 935.938200 1087.679000 1129.488500 1011.357000 996.881900 826.740100 711.346700 706.309900 761.440800 727.916500 833.042900 905.078600 894.724600 809.264300 732.743300 639.524800 585.825600 501.125200 417.693700 329.996300 325.413000 292.698100 282.377400 262.020900 237.208500 194.899000 173.944600 176.840200 173.686400 156.367300 148.776500 142.165700 135.136500 134.260500 103.737700 104.191900 105.837200 112.025600 119.835900 140.433400 
-2013.038700 -2014.843900 -2016.537800 -2018.241600 -2019.756800 -2054.241700 -2060.599400 -2060.358100 -2058.425100 -2054.996800 -2049.659500 -2042.439700 -2034.119500 -2025.229600 -2015.976700 -2006.777100 -2001.651400 -2005.248800 -2015.230500 -2024.005100 -2032.411200 -2040.598100 -2047.196600 -2052.237200 -2056.477000 -2059.312900 -2061.267100 -2061.955000 -2063.303300 -2063.857900 -2063.577000 -2063.449100 -2064.202600 -2063.694500 -2062.274800 -2059.149400 -2053.527900 -2043.307500 -2032.028900 -2016.671700 -2002.553800 -2008.977000 -2016.670900 -2020.762200 -2018.025900 -2010.743800 -2002.654600 -2000.028000 -2000.536200 -2062.748100 -2073.238800 -1358.902800 -291.419300 21.974000 86.784400 135.437600 149.870100 193.651300 260.453400 322.538400 248.090200 241.356700 208.573000 201.581200 188.655100 157.894700 -33.486100 -208.620200 -379.017900 -536.202700 -620.998000 -616.100800 -586.256900 -494.697100 -517.654800 -476.677700 -381.212800 -248.967400 -41.029800 165.004200 375.960300 550.040700 636.259800 686.373300 694.798300 704.352100 738.349000 762.481800 831.106300 903.194900 985.624800 929.149600 1002.128000 1132.681000 1157.089600 974.734400 882.219000 837.401600 750.982400 641.022200 577.257900 555.568300 410.158900 317.533600 361.194500 597.394600 819.980100 899.680700 724.482200 714.989600 817.228700 976.545600 1094.199100 1043.837900 915.594100 837.949600 983.720700 1019.181000 891.133500 800.440900 920.201100 884.137300 717.079300 561.667100 613.500900 598.526800 687.567200 757.920000 818.274400 918.064000 810.624300 706.532200 584.019700 504.163600 432.449200 350.495500 316.130500 310.573900 317.614500 260.122900 233.316600 198.912800 186.898700 175.259400 168.871700 156.642000 148.105400 143.607800 138.380400 133.213000 100.536200 100.189400 103.571200 106.101500 112.745600 114.253100 
-2011.016300 -2012.455400 -2013.534200 -2015.062700 -2016.131500 -2045.087400 -2051.566300 -2050.492700 -2048.057700 -2044.947900 -2040.691200 -2035.043800 -2028.424600 -2021.506200 -2013.394800 -2005.332100 -2001.545900 -2004.551600 -2012.480000 -2020.067900 -2027.181100 -2032.859500 -2037.274200 -2041.304200 -2044.577200 -2046.917000 -2049.103400 -2051.041500 -2051.524300 -2051.836600 -2052.152000 -2051.515500 -2046.324500 -2044.583000 -2042.430700 -2038.598600 -2034.238200 -2028.924400 -2020.930800 -2010.241700 -2000.755000 -2005.781900 -2012.263800 -2015.823600 -2014.146700 -2009.067500 -2003.511700 -2000.063200 -2007.002300 -2041.534300 -2106.102300 -1649.887000 -510.253800 20.960300 122.169800 197.411800 162.471200 195.608500 192.277200 233.098600 209.320700 240.892100 188.485200 247.857900 243.957900 190.322300 -56.443000 -343.483600 -559.651300 -711.672800 -759.910600 -678.186100 -612.101300 -585.375600 -584.098700 -596.740900 -521.959200 -422.385500 -278.334700 -85.856700 150.791500 393.737600 500.086700 503.144600 517.435100 528.237400 617.090200 671.499500 707.424900 729.595200 735.260000 822.619900 861.413300 1054.609800 1190.381600 1216.608200 1078.009000 976.754700 949.205400 866.132700 862.373200 791.084800 673.555100 428.543000 285.992900 378.929700 608.868300 801.582500 679.333700 653.058600 800.958100 901.869000 1038.249600 1108.300600 1068.088800 967.695500 1051.852600 1097.084200 942.847200 756.461200 719.167900 812.386400 663.231100 618.431600 502.202200 511.226800 626.642100 578.921900 663.080200 790.364900 824.241600 700.777400 611.391500 572.292700 506.541400 456.983100 416.946600 407.460700 404.056800 358.226500 312.950800 226.206800 192.619700 183.763300 170.047500 155.454600 148.500600 139.166100 134.483200 113.495800 100.314200 98.229600 101.207100 104.667300 109.717800 111.653300 
-2007.703600 -2008.299500 -2008.780100 -2009.749200 -2010.524100 -2016.976100 -2018.594400 -2018.286400 -2017.524400 -2016.708400 -2015.588600 -2013.881400 -2011.308900 -2009.561900 -2006.579800 -2003.047600 -2000.192400 -2002.108000 -2006.952000 -2010.838400 -2014.073500 -2016.898500 -2018.811500 -2020.070400 -2021.597200 -2022.585500 -2023.450200 -2031.195400 -2032.473200 -2032.420800 -2027.934100 -2014.981600 -2014.110700 -2013.649300 -2013.394900 -2013.169900 -2011.806000 -2010.208700 -2007.676500 -2004.091700 -2000.750000 -2002.290200 -2006.194100 -2007.812500 -2007.165000 -2005.591400 -2003.123800 -1996.748900 -1982.719200 -2009.777600 -2119.297800 -1874.793900 -883.479600 -98.088200 56.423100 169.937000 219.406000 233.760200 223.153100 221.920100 186.210700 143.910800 263.386200 318.110500 274.239500 217.258100 -89.830300 -500.331500 -698.613700 -797.962000 -783.695000 -722.515200 -708.533400 -709.201800 -694.310500 -694.274900 -693.227300 -640.285700 -542.678200 -454.774100 -293.376600 108.818400 359.328000 402.253000 518.071700 652.545800 809.754900 931.665200 958.032000 985.218100 881.894700 1014.293100 999.631300 1057.882700 1218.140300 1153.675500 1197.928700 1142.068300 1057.354100 980.312500 831.399000 709.149200 570.635000 340.539800 311.044500 286.282400 384.887800 598.726700 575.073400 545.619600 700.020300 845.187400 882.498700 977.866300 1106.981400 1131.672200 1065.174200 955.865800 794.027100 691.136800 586.393200 601.074300 552.470200 483.365900 430.884100 383.953900 496.752200 629.151800 745.277900 804.402000 868.382900 742.265400 698.048500 627.664500 574.444400 562.963000 503.294500 417.743200 376.231600 354.727700 346.458100 255.608400 206.953900 181.279300 169.258100 160.866100 149.590400 144.648000 134.571700 124.720500 98.825700 95.919100 98.035100 107.615200 116.585100 113.272400 
-2001.819700 -2002.189500 -2002.418200 -2003.102300 -2003.579200 -2005.353000 -2006.099500 -2005.604700 -2005.100200 -2004.842600 -2004.321200 -2004.132700 -2003.449600 -2001.749900 -2001.580100 -2000.991600 -2000.184200 -2000.655900 -2000.962900 -2001.364300 -2002.076500 -2002.650700 -2002.738600 -2002.857400 -2002.668200 -2002.675200 -2002.345400 -2001.767900 -2003.038800 -2002.859400 -2001.605300 -2001.649800 -2001.828800 -2002.170100 -2002.114200 -2001.387700 -2001.011000 -2001.179200 -2000.934700 -2000.510100 -2000.793900 -2000.326800 -2001.019000 -2001.167800 -2001.109200 -2000.513500 -2000.504900 -1998.924600 -1989.650800 -1982.710300 -2020.511300 -2033.409500 -1090.447700 -161.467300 52.400100 163.483100 244.192700 212.379500 174.546300 147.682500 138.068300 157.331200 291.502800 346.585200 289.295200 222.244200 -13.363300 -363.156100 -247.651100 -333.182100 -579.476600 -610.588000 -629.944500 -664.139100 -693.862000 -707.221400 -706.302900 -678.862000 -612.840200 -557.275100 -444.972600 -85.951700 326.503700 546.742600 657.182300 776.531200 833.419100 1025.926700 1165.087700 1172.872100 1005.721800 1160.169600 1150.853500 1221.454500 1208.854700 1128.219800 956.598500 867.983600 766.555000 632.741400 546.057300 511.594600 463.776100 506.966700 452.104300 287.071400 244.315100 296.029400 354.581700 495.587900 728.629000 783.792800 760.180000 840.217800 990.647800 1127.042100 987.810000 866.753000 801.372700 775.589600 777.890300 752.988100 662.760200 523.873500 472.443600 395.853600 421.772500 575.239600 735.000600 817.025400 895.370400 779.690000 701.232700 624.945500 573.321800 521.292800 406.297000 377.333800 422.826400 477.839600 427.498300 318.178500 235.420000 195.458000 158.440300 152.053300 144.016000 140.221000 130.501300 119.328200 95.819700 92.724500 95.654200 101.903000 108.089100 108.890200 
-2000.346600 -2000.772100 -2001.009400 -2001.372100 -2001.567000 -2002.509800 -2002.579600 -2003.003700 -2002.912400 -2002.783500 -2002.578500 -2002.017800 -2002.026200 -2002.247400 -2001.757300 -1999.904300 -2000.343500 -2000.383000 -2001.099200 -2002.475800 -2002.989300 -2003.829200 -2004.153900 -2004.668100 -2005.357800 -2005.681000 -2006.101700 -2006.877100 -2016.699600 -2016.260600 -2007.559300 -2007.971400 -2007.930300 -2007.928200 -2007.515200 -2007.246800 -2007.796400 -2007.110600 -2004.520300 -2002.450600 -2000.936800 -2002.067200 -2005.222300 -2006.779600 -2007.110500 -2005.895200 -2003.954000 -2000.302700 -1993.727500 -1992.261300 -2026.273400 -2069.618300 -1497.310300 -366.523800 59.655000 58.466400 162.057400 159.300000 135.601100 133.680100 153.856600 181.040400 330.885700 314.812300 216.305500 260.716800 186.847700 132.975400 109.037700 38.432000 -148.328700 -299.549500 -411.586800 -469.632900 -513.552400 -529.256200 -511.367400 -459.389000 -378.810600 -286.862000 -162.671000 106.326900 375.607700 531.099400 683.153600 883.786400 998.241500 1040.695700 1089.249300 1200.566100 1128.950000 1262.650700 1201.211100 1105.078100 937.151000 1006.363100 862.068700 623.317800 597.022300 592.853800 634.787100 697.684500 732.822900 818.400700 710.493200 446.064000 250.440900 233.708800 299.654000 426.690800 542.583200 591.894300 658.272300 699.480200 836.556900 1038.150200 1063.402900 1086.518500 1067.575100 851.177300 716.558300 640.647700 577.641400 499.409600 479.373100 335.791700 354.766300 495.108200 626.146700 714.189900 859.093700 854.532900 773.062500 712.600300 653.460900 581.664000 527.936000 517.660100 498.352700 389.671100 368.368500 281.814700 248.987300 224.486100 177.626400 141.140100 137.322900 132.700200 123.587300 95.541200 91.772100 91.019700 93.942200 100.462300 102.602200 106.761800 
-2004.056700 -2004.695500 -2005.514300 -2006.902300 -2008.216000 -2011.641300 -2013.897300 -2013.811800 -2013.892900 -2013.745900 -2013.201900 -2011.982700 -2010.880300 -2008.844100 -2006.612600 -2002.983800 -1999.973100 -2001.957800 -2006.500800 -2010.921300 -2014.910400 -2018.369900 -2021.368700 -2024.398400 -2026.891800 -2029.210600 -2031.498900 -2038.524000 -2040.329100 -2041.375600 -2041.875000 -2025.257600 -2021.968100 -2022.262700 -2021.693100 -2020.284600 -2019.278100 -2017.151000 -2013.383600 -2007.912800 -2002.693700 -2003.979800 -2012.575100 -2017.316300 -2018.301800 -2015.533800 -2010.770800 -2004.043600 -2000.626000 -1994.332300 -2009.193400 -2085.330200 -1745.623700 -656.122400 -7.800000 77.057700 162.671000 167.990300 175.553600 173.254700 192.530200 199.414700 217.837700 222.448600 183.975700 204.628800 178.152100 145.919300 143.632600 88.753800 52.855300 -71.494400 -221.099100 -333.384300 -364.765600 -289.554700 -271.867700 -226.563800 -152.987000 -161.534200 -3.782100 181.991300 409.569500 570.146500 685.940200 794.365700 989.489900 1133.060400 1263.299300 1259.621500 1100.709000 1232.677400 1177.437500 1037.433900 825.892300 684.503300 620.141500 631.913900 747.436200 828.821400 849.967600 950.544900 976.483900 836.804900 602.975900 483.442300 409.430200 248.023400 238.364900 306.967700 380.781700 510.740600 631.057200 702.775600 850.489200 913.331200 1130.998600 1090.116300 941.527400 904.485900 913.514800 823.339600 715.428700 617.531400 459.113300 353.208200 327.284900 487.406900 590.071600 671.506200 683.543500 752.932700 743.975800 639.453700 703.358800 660.971600 590.988400 518.957000 523.723600 477.490200 480.333800 369.533400 222.966800 194.926600 160.409100 151.360500 140.292900 129.877300 126.534100 93.805400 90.003400 89.566100 90.655600 98.087200 111.310000 105.166400 
-2009.063400 -2010.594100 -2011.498000 -2012.950900 -2014.252300 -2027.990700 -2040.109100 -2040.057800 -2039.164800 -2037.551900 -2034.927300 -2030.785000 -2025.970500 -2020.428800 -2013.792500 -2006.078500 -2000.962300 -2003.067200 -2011.516100 -2019.323800 -2026.497600 -2033.809300 -2039.077700 -2043.710100 -2047.563900 -2050.871100 -2053.586400 -2055.767000 -2056.563600 -2057.559100 -2058.547800 -2058.471300 -2058.378000 -2058.215800 -2056.842700 -2053.766600 -2048.639400 -2040.746200 -2030.866800 -2017.508100 -2003.718700 -2008.829700 -2020.593000 -2027.311800 -2029.176800 -2026.832900 -2021.050100 -2007.978400 -2000.908400 -1997.855000 -1999.737500 -2103.831400 -1943.125000 -988.720000 -99.850400 41.696200 156.799700 185.557500 195.576600 199.535600 183.230600 162.854600 204.775700 208.770200 225.261000 241.430000 176.937800 185.377900 157.111900 81.656100 90.965100 -0.498500 -123.357500 -228.145200 -304.978300 -299.718200 -127.826100 -158.345900 -196.423600 -69.708400 63.048100 216.381000 435.471000 579.315700 622.792500 703.154100 830.983600 928.040700 1006.570100 1027.311400 916.914400 1023.295300 1072.824800 1134.441900 975.116500 905.410500 938.191800 804.828200 938.254900 955.397400 1025.020400 1062.905300 836.667900 664.798000 628.335400 626.444400 531.544300 320.781200 238.108600 289.424700 464.783800 673.132700 825.918400 927.772700 872.437600 988.137900 1127.591000 1045.818100 974.080100 905.473600 931.696200 876.082300 789.522600 606.675000 493.254400 325.731900 279.714000 379.273900 436.121500 501.868600 573.245000 588.254200 674.387100 604.785000 565.363700 655.172400 625.084800 522.811500 559.038700 618.563000 576.319900 490.024800 355.366400 249.495400 201.590300 173.978600 155.075100 140.671900 132.984100 89.389600 85.742500 85.726000 90.879800 101.608500 111.836100 105.322400 
-2011.729200 -2013.702600 -2015.409900 -2016.957100 -2018.439100 -2044.373400 -2058.908500 -2058.741300 -2056.771800 -2053.741700 -2049.441100 -2043.234900 -2035.342200 -2026.479600 -2017.789000 -2008.525700 -2001.682900 -2003.876200 -2013.607000 -2022.829400 -2031.528200 -2040.214000 -2047.419600 -2052.882800 -2057.232100 -2060.949400 -2062.975400 -2063.979800 -2065.490900 -2066.400700 -2066.739000 -2066.749200 -2066.408100 -2066.872000 -2066.550600 -2063.996400 -2059.248600 -2051.032300 -2039.117500 -2023.146900 -2006.325900 -2012.223100 -2029.473400 -2037.553200 -2040.321900 -2036.092400 -2027.694600 -2014.508100 -2002.989600 -1997.314400 -1996.454300 -2056.273100 -2045.940500 -1330.264000 -304.152900 47.267300 124.006300 195.339900 201.616000 196.418800 170.975400 164.431100 213.406100 303.888700 305.262300 262.693100 231.331500 194.612800 168.302200 62.436300 101.143300 8.032700 -96.359800 -174.645200 -252.879200 -303.259000 -319.912200 -282.092800 -209.779800 -106.939000 9.330300 142.836600 344.870700 476.872400 558.060500 616.605000 640.897600 732.824500 856.306100 893.883900 948.574200 1068.421000 1164.256400 1212.344700 1184.328000 1150.613900 1096.520200 1093.835100 1108.819200 1038.645200 920.725500 719.255800 651.622400 724.751800 812.303000 674.572600 519.680600 358.341100 220.424100 235.545900 376.192800 573.154600 787.519100 945.061400 955.922300 1034.310300 1111.018300 1094.186300 939.983100 781.770500 684.990300 649.518500 684.113100 686.104400 539.663700 416.856500 273.240200 286.970700 351.874000 438.107700 436.377000 522.866400 587.627600 543.679400 455.609700 552.495800 549.371300 501.453000 510.167200 525.083300 466.945500 421.258400 373.441600 358.762700 309.526200 208.971600 180.603200 170.723500 139.954600 89.659600 83.551600 85.887900 91.775300 99.327800 107.069200 114.512400 
-2012.539500 -2014.901700 -2016.693400 -2018.348400 -2020.095300 -2045.934600 -2062.592700 -2062.575200 -2061.691100 -2058.965400 -2053.615400 -2046.443900 -2038.116400 -2028.614100 -2019.195300 -2009.396900 -2002.289000 -2004.532700 -2014.481400 -2023.865000 -2033.018100 -2042.128300 -2049.831700 -2056.360800 -2060.971900 -2063.167700 -2065.296400 -2066.427700 -2067.407900 -2068.402000 -2069.012000 -2069.433900 -2069.383100 -2069.508900 -2068.583800 -2066.023400 -2060.992300 -2053.016800 -2040.926600 -2025.089100 -2007.188400 -2012.380000 -2031.392800 -2044.076600 -2042.579200 -2039.078500 -2030.848300 -2018.345000 -2005.116400 -1999.695100 -2002.097100 -2031.873200 -2121.720900 -1664.359900 -449.118000 66.142100 115.365000 187.128400 183.981300 168.110800 174.127900 174.672200 180.107100 202.693500 255.985600 251.978400 227.193800 191.288600 123.933200 82.616300 95.063000 15.538200 -106.384700 -221.442600 -314.868800 -371.562900 -264.301900 -364.885400 -311.618300 -206.117500 -66.084800 83.803200 260.725800 410.681200 445.494000 492.339100 620.599900 770.532500 962.528900 1117.883600 1193.015300 1140.535600 1025.480400 983.699900 1002.211500 1047.875600 1245.796400 1080.851900 895.154700 775.945500 764.826900 797.026000 853.821700 844.251800 668.776900 536.329800 450.287000 362.413700 219.586800 213.297400 336.892600 539.050400 687.259800 880.192300 966.481200 1062.704700 1128.136400 1158.850800 1058.477000 925.921400 858.954500 726.700000 596.837100 511.382800 447.260200 460.468100 351.648900 281.959200 275.607700 288.348500 335.496700 497.490400 482.715400 440.303100 473.498700 406.757400 419.122100 442.635300 481.972400 503.489800 526.246500 560.726400 514.539100 479.109900 385.605600 337.324000 250.994000 154.189800 92.866400 84.644200 80.877500 86.551300 90.978600 95.917500 107.458000 105.763900 
-2012.348400 -2014.047400 -2016.015900 -2017.742000 -2019.403700 -2043.223800 -2060.601400 -2060.414200 -2058.989300 -2055.886000 -2051.172700 -2044.683800 -2036.280600 -2027.520900 -2018.243200 -2009.280700 -2000.181100 -2003.229700 -2012.986200 -2021.814100 -2030.714700 -2038.826200 -2046.313700 -2051.494200 -2055.249800 -2058.347700 -2060.871000 -2061.875500 -2062.432300 -2063.088800 -2063.294900 -2063.479300 -2063.851500 -2063.478900 -2062.227600 -2059.465600 -2054.052600 -2045.755200 -2034.427900 -2020.051200 -2005.267600 -2010.150600 -2024.788000 -2033.093500 -2036.022500 -2035.303600 -2029.732600 -2019.995400 -2007.135800 -1999.878000 -1998.610200 -2016.085600 -2084.644700 -1837.787900 -777.041000 24.639500 127.425200 166.812100 163.512100 155.227500 144.360700 134.838000 142.428500 176.731800 238.711800 250.418000 226.336100 186.003100 81.805400 104.499400 68.077200 -26.996600 -162.583700 -306.688100 -411.730900 -460.978200 -389.026800 -412.229600 -432.361700 -380.994600 -241.959400 -76.244900 124.394400 294.570100 360.769300 463.196700 634.862900 848.538600 985.894300 1036.001200 935.824200 831.467800 873.624000 934.535200 1118.029300 1253.497700 1197.900200 994.658700 898.106600 1022.719200 1012.868100 943.063400 749.039700 607.100300 508.197500 522.298500 532.844500 463.593600 289.717600 203.516300 284.521100 445.883600 620.976000 801.206200 981.919600 1001.610900 994.631100 1068.631900 1138.533000 1061.617300 909.304300 733.539500 559.632700 512.345400 364.111700 325.900100 313.567600 317.152800 344.699900 295.618300 255.251800 384.544300 439.352600 391.948100 387.502400 313.868600 313.631300 352.462100 406.681600 498.764700 581.774100 571.314200 553.919800 457.743500 359.149600 353.910500 324.418900 240.548000 125.522400 83.180400 82.872100 86.287400 91.323600 98.556000 99.210800 110.872900 
-2010.476700 -2012.183500 -2013.290100 -2014.705100 -2015.989000 -2035.816600 -2052.143200 -2050.986200 -2048.867400 -2045.304900 -2041.693300 -2036.416400 -2029.906900 -2022.900700 -2015.398800 -2007.172400 -2001.023900 -2002.315000 -2010.633600 -2018.193900 -2024.680700 -2031.064200 -2036.348600 -2040.324200 -2043.757100 -2046.673600 -2048.396100 -2050.544200 -2051.573300 -2051.641900 -2051.688800 -2051.234800 -2050.999200 -2049.976600 -2047.801200 -2044.229900 -2039.896800 -2034.050900 -2025.106600 -2014.366400 -2002.838000 -2006.468900 -2017.032500 -2022.398500 -2025.824100 -2025.280800 -2021.916600 -2016.066200 -2007.901300 -2000.848800 -1999.865600 -2005.060800 -2068.589300 -1982.139000 -1112.171700 -154.161500 41.067600 138.239600 142.284900 128.511300 112.538100 111.158900 111.495400 114.094300 127.394300 205.555900 210.852500 132.525600 125.246600 95.778400 64.263500 -91.190000 -283.970600 -437.132400 -525.361700 -574.850500 -618.055700 -634.392700 -617.081400 -556.124600 -491.361700 -333.572900 -117.669000 155.356100 336.207900 447.467600 618.507600 714.583500 745.667400 714.230800 722.301400 861.013500 981.525500 1072.450400 1193.706200 1280.872500 1145.381800 1248.577100 1121.178600 1034.240900 837.516000 686.289600 708.869200 782.171400 660.655900 746.493400 735.912700 514.360700 325.262400 215.733200 233.470300 385.731900 555.016600 741.056800 908.461900 924.234200 925.834000 897.224000 950.894200 1037.030300 893.345800 758.973800 674.487900 533.671200 472.591700 467.780000 367.694100 275.334400 255.688300 240.827300 209.637900 304.322100 353.094100 461.382700 412.955300 297.021200 260.311100 312.101800 395.043000 489.989200 602.363900 588.426900 541.242800 480.605400 412.923100 408.641200 396.001600 334.063600 239.935100 94.258400 87.838300 89.582400 93.212200 99.161300 98.884400 113.938500 
-2006.719800 -2007.654900 -2008.451500 -2009.199200 -2009.887200 -2013.305200 -2026.392600 -2025.213800 -2023.762600 -2022.112400 -2019.973700 -2017.309200 -2014.756800 -2011.798600 -2008.483300 -2003.911000 -2001.227300 -2001.793300 -2005.907200 -2008.937600 -2011.406900 -2012.899300 -2014.153600 -2014.725100 -2014.526900 -2015.018500 -2019.703800 -2031.008700 -2032.509800 -2032.928300 -2023.868200 -2015.714500 -2015.479100 -2014.880900 -2014.285800 -2013.594900 -2012.705100 -2010.106900 -2007.765600 -2005.403000 -2001.498200 -2002.665500 -2008.034500 -2011.329000 -2012.919500 -2012.740700 -2011.086000 -2008.556400 -2004.860900 -2002.324800 -1999.030800 -1995.434700 -2025.666200 -2114.078700 -1483.837200 -368.744200 44.868700 86.400200 92.651400 77.905300 85.813500 87.745300 73.051700 73.608400 106.980100 193.668100 201.952500 55.124100 49.253300 27.443100 -100.822600 -310.283000 -507.016000 -618.205600 -712.627000 -796.676100 -849.021600 -873.392800 -875.160800 -825.842000 -739.268600 -622.988400 -431.220500 -144.935200 204.047800 400.844700 458.714400 458.566100 546.217500 727.751400 908.594200 1005.940500 1117.729700 1173.104800 1094.334800 1019.342300 1023.624100 1150.765200 1120.364400 1007.603900 883.326500 922.961900 977.368800 826.841900 854.324000 877.430600 747.871100 508.536600 333.035500 209.379800 189.484900 341.057300 560.328800 722.970900 882.210500 923.024200 864.923700 760.208000 800.014400 895.976100 832.497900 818.741600 703.330100 587.049400 611.680300 568.400300 507.830400 349.923700 372.331700 282.987200 204.498600 289.232900 443.920800 470.234700 467.145400 355.503700 251.400100 328.713900 415.790300 529.358100 604.169700 584.232400 555.997800 505.865600 482.481500 465.546200 428.768800 380.901700 286.156400 201.881400 93.046900 87.351100 98.198600 97.399700 109.026000 151.408600 
-2001.576000 -2002.062000 -2002.792600 -2003.200100 -2003.180400 -2004.237900 -2005.390400 -2005.080300 -2004.988500 -2004.590400 -2003.878100 -2003.854000 -2003.589400 -2002.226100 -2001.977300 -2000.990200 -2000.839900 -1999.695800 -2000.756500 -2001.643100 -2002.352000 -2003.189000 -2002.808800 -2002.411400 -2002.913500 -2003.055900 -2003.462000 -2003.948800 -2009.854700 -2005.082100 -2003.472400 -2003.391000 -2002.972600 -2002.638900 -2002.991700 -2002.740200 -2002.491400 -2002.358900 -2001.651500 -2000.572300 -1999.924100 -2000.079900 -2001.254700 -2001.745800 -2002.011400 -2002.164300 -2001.368800 -2000.892100 -2000.351200 -1999.663600 -2000.391700 -1994.286700 -1985.303500 -1964.853100 -1578.688500 -700.388000 13.467300 51.349600 41.756200 47.470700 46.282100 47.790300 53.797900 62.943000 90.929100 156.487100 180.426100 53.611900 65.896100 -122.961400 -372.157900 -524.719100 -640.984300 -744.726100 -821.562100 -886.839800 -924.868000 -959.645100 -953.182300 -922.701200 -866.294200 -763.696900 -579.797300 -326.997200 20.417800 259.107500 396.142500 558.240700 723.112500 732.090000 801.820400 823.261200 946.727000 987.041600 856.274300 973.689000 1118.704600 1136.256300 1071.910600 1087.638600 1141.912000 1106.414600 964.899200 1014.284900 1020.461000 915.426900 747.159100 515.114600 316.317300 204.327000 181.038500 293.250100 488.183700 707.257300 940.006600 988.452800 869.014300 718.395600 729.457300 734.113300 715.601600 802.703000 837.049300 718.574000 605.870500 418.314400 459.636100 463.115200 318.397000 242.359000 156.671600 285.650700 403.836000 366.373700 370.915400 284.854800 239.937600 291.027000 363.664600 479.094500 565.464400 551.173900 503.421500 492.649100 439.560100 432.161000 411.250300 369.299100 290.660300 229.002900 137.367400 90.779700 98.290700 120.104500 138.754300 190.132300 
-2000.905400 -2000.263700 -2000.693900 -2001.196900 -2001.519600 -2002.062400 -2003.042200 -2002.930600 -2002.961300 -2002.751900 -2002.533800 -2002.678300 -2002.618000 -2001.707100 -2002.141000 -2000.645700 -2000.493900 -2000.318100 -2001.055300 -2002.164200 -2003.322200 -2004.274400 -2004.790000 -2004.131400 -2004.788500 -2005.235500 -2006.033400 -2007.617300 -2017.100100 -2013.512900 -2007.337900 -2007.039800 -2006.919800 -2007.016300 -2007.307600 -2007.782300 -2007.589400 -2006.899700 -2005.653500 -2003.544100 -2001.464500 -2002.380600 -2005.506600 -2007.822200 -2009.159000 -2009.063300 -2009.013800 -2008.102800 -2007.044900 -2004.892100 -2001.293300 -1997.950100 -2000.996500 -2036.381100 -2085.648900 -1442.773600 -277.333800 29.582700 40.249000 42.522100 42.020500 41.673100 37.499700 38.587100 43.791200 66.611000 84.064000 30.625200 91.358800 -18.714000 -234.249400 -391.565400 -579.068600 -701.267200 -800.220400 -864.222400 -856.030500 -876.193300 -862.564700 -826.450700 -793.673600 -657.728700 -477.301700 -257.604400 12.411400 298.837300 511.510300 599.547600 612.976300 570.057200 605.320000 726.016800 881.726200 851.529600 713.927400 883.743800 909.528400 886.923800 865.229900 979.790300 1154.192200 1109.782200 1081.707600 974.434900 875.481300 724.525600 603.882600 454.211400 414.280600 292.762900 141.602700 271.360800 524.596000 691.648700 889.292200 982.032900 854.642500 675.096200 677.310400 603.436000 597.921700 709.845800 785.754100 639.662100 480.140400 385.971200 297.156300 314.278600 340.396700 322.065400 181.683500 172.429100 238.175600 233.887700 227.868300 323.615200 312.496200 324.581500 395.468800 500.989500 557.130900 496.117500 475.481600 461.488800 407.360100 401.041200 392.949800 348.443000 304.917600 257.143500 180.318700 92.138900 87.402800 87.035000 95.194600 150.980800 
-2004.217100 -2004.925300 -2005.746700 -2006.618700 -2007.307800 -2010.147400 -2014.590100 -2014.455200 -2014.428100 -2014.160600 -2013.510900 -2012.561800 -2011.473000 -2009.758500 -2007.297200 -2004.379400 -2000.633200 -2001.830900 -2005.434300 -2008.879800 -2010.019800 -2013.870500 -2015.926300 -2017.854900 -2019.748900 -2020.735900 -2026.133900 -2038.234200 -2040.771100 -2041.571600 -2040.023100 -2028.125500 -2028.732500 -2028.811000 -2028.293600 -2027.307400 -2025.598900 -2022.076800 -2017.303200 -2010.060200 -2002.389800 -2004.794500 -2013.498700 -2021.927400 -2026.537300 -2028.567300 -2025.891400 -2027.330200 -2023.181100 -2012.361000 -2005.858100 -1999.993700 -2002.433700 -2012.425900 -2116.405300 -1854.807600 -790.567500 -22.571400 26.687700 27.418500 29.895500 29.186700 21.108700 3.280100 -9.379000 -4.051900 8.110200 114.745500 122.010900 32.884100 -94.170100 -233.305800 -406.215000 -554.584200 -742.850300 -825.804800 -864.991300 -713.100800 -719.971100 -769.726800 -679.750600 -545.266700 -386.437000 -199.342500 15.909200 214.304600 337.170200 426.656400 406.276500 464.988800 595.876300 671.316900 739.905500 813.676100 650.353000 632.921300 741.889700 868.542900 994.065200 1055.874400 1146.971600 1130.645700 938.080700 776.411300 649.512600 624.748100 639.499800 677.404500 548.168100 391.069800 216.678100 182.867000 364.168100 570.994900 741.038700 871.863200 814.969200 603.213700 553.649400 501.492900 565.778500 683.310300 784.744300 681.546500 551.212400 403.070500 289.076800 218.908500 201.297100 303.318400 269.814700 212.707700 179.274000 322.094500 365.491800 329.914600 368.263100 400.381300 455.606000 565.417300 588.896600 495.781800 421.142800 394.702700 385.957900 384.622800 365.590000 306.445500 284.809500 246.705400 203.074100 161.022700 97.028600 75.375200 72.587200 70.746600 
-2008.786700 -2010.294200 -2011.193300 -2012.396000 -2013.716600 -2027.504600 -2047.691100 -2046.669000 -2045.077000 -2042.788300 -2039.542000 -2035.015000 -2029.630700 -2023.151600 -2016.105000 -2008.151800 -2002.311100 -2002.625000 -2009.800300 -2017.593800 -2025.278800 -2032.104400 -2037.993600 -2042.583800 -2046.471600 -2050.171400 -2053.114500 -2055.146400 -2056.451200 -2057.306700 -2057.812200 -2057.835500 -2057.943500 -2058.280500 -2057.223500 -2054.746900 -2049.655600 -2042.652500 -2033.388200 -2020.497300 -2006.541100 -2008.476600 -2022.239300 -2036.398700 -2044.180400 -2050.778700 -2050.800400 -2044.665400 -2038.330200 -2021.116000 -2012.679400 -2002.427000 -1998.512700 -1992.454100 -2018.222600 -2091.447100 -1394.250000 -287.426200 63.574200 29.903500 15.452700 14.151400 -2.654300 -42.893800 -74.849600 -40.425500 6.540600 74.995200 116.092900 75.280900 -19.911400 -168.544000 -338.557800 -491.331600 -595.082500 -678.450800 -757.535500 -783.176300 -756.249200 -686.341600 -599.984700 -477.075400 -319.727400 -155.442900 13.471400 194.019900 295.134100 420.244200 547.849800 612.606500 571.990600 553.499300 546.667100 590.519200 520.856100 594.666200 737.374900 939.728400 1027.590400 1070.292300 1063.539400 1117.512200 954.992500 802.475700 809.926800 962.027300 932.068200 825.579900 719.553300 500.599900 298.149900 186.000700 214.005200 405.282300 622.391800 762.574300 713.669000 515.027700 439.104500 506.983600 594.225800 721.459600 742.530500 619.576500 489.069700 399.236600 370.658400 338.098500 249.324400 217.680900 267.283500 236.220100 136.125200 226.700900 340.841400 384.646600 394.220600 387.934900 442.130500 553.077900 590.898200 527.042100 464.268200 403.818500 356.890800 359.664800 333.120500 304.555700 264.550100 206.027300 174.056600 178.804900 104.494400 76.917400 74.823400 79.083500 
-2010.837200 -2012.972400 -2014.394700 -2015.863300 -2017.429600 -2032.649000 -2058.197000 -2058.486700 -2057.286600 -2054.013900 -2049.821700 -2044.155500 -2036.716600 -2028.172000 -2019.365600 -2010.634500 -2003.165600 -2002.781700 -2011.438000 -2020.854000 -2030.048600 -2038.777300 -2046.485200 -2052.402600 -2056.642700 -2060.339800 -2063.031300 -2064.583100 -2065.528900 -2066.081900 -2066.507900 -2066.614900 -2066.981200 -2067.289800 -2066.945000 -2064.843700 -2060.617100 -2053.234600 -2041.971100 -2027.210400 -2010.392700 -2010.946000 -2026.903900 -2045.305800 -2058.833200 -2061.620500 -2061.859500 -2058.883300 -2048.008100 -2037.098200 -2018.982800 -2007.513000 -2000.398900 -2001.321700 -2006.585500 -2092.562000 -1888.492300 -760.253800 86.449100 153.025600 93.041600 34.016200 -22.088300 -82.267600 -113.644100 -97.010100 12.749700 75.687900 111.391300 54.283500 -43.943400 -164.653100 -303.816200 -450.914600 -562.303800 -642.548300 -726.883600 -744.552300 -735.402300 -683.260900 -588.496900 -483.917700 -343.708700 -177.654300 3.705600 215.730600 378.591600 463.531400 441.198400 423.186800 402.658700 351.707700 365.650700 376.383700 438.192200 562.360700 681.720800 739.441100 772.430000 788.915000 864.952400 964.723300 1133.641500 947.362800 1084.355900 1085.160500 924.966000 775.736600 676.418900 636.528200 445.819100 230.823900 120.546500 234.334900 462.616200 652.001600 625.147800 448.117700 374.400300 435.973300 639.593400 825.654700 842.876500 705.686500 609.277400 515.036300 504.765500 491.368200 351.890900 327.745000 427.015100 377.371300 245.449200 146.341300 300.209800 384.670500 368.958900 328.384800 394.828800 512.700700 646.225400 614.151000 509.114900 424.781600 384.714300 317.416100 319.221900 346.342900 305.010600 272.544000 169.825900 123.070900 80.066100 77.317300 71.704600 79.689600 
-2012.021900 -2013.490400 -2015.995100 -2017.500100 -2019.266400 -2034.496400 -2062.722500 -2062.788900 -2062.322200 -2059.988900 -2054.984800 -2048.148000 -2040.066300 -2030.875700 -2021.498300 -2011.502200 -2002.980000 -2003.585800 -2012.336200 -2021.814500 -2031.528900 -2040.611100 -2048.656600 -2055.376100 -2060.058400 -2062.424800 -2065.160700 -2066.436900 -2066.918100 -2067.939800 -2068.280700 -2068.505800 -2068.670300 -2068.571900 -2068.263100 -2066.211200 -2061.843800 -2054.648900 -2044.005700 -2028.534000 -2010.963100 -2010.621400 -2028.748200 -2045.771100 -2058.573300 -2067.006900 -2069.600700 -2067.803300 -2051.937400 -2041.370500 -2024.569300 -2012.165000 -2002.314800 -1998.371800 -1991.988100 -2046.671800 -2030.594600 -1365.108900 -267.892600 246.350400 258.187800 184.507100 56.348500 -66.788400 -150.449600 -146.970600 -30.511100 74.914900 75.816800 44.787600 -91.886800 -228.656700 -369.125700 -488.971400 -611.112900 -688.130000 -735.978300 -766.932100 -759.739700 -710.551900 -645.276000 -533.105600 -396.053400 -237.508700 -56.606300 161.003500 305.140200 309.984000 239.520300 287.644700 286.524300 369.165700 391.119300 430.578800 510.429800 593.493400 708.414300 823.111100 957.775300 996.799000 1091.560700 991.437300 1232.279400 1009.371200 1113.687700 1093.528200 950.155300 872.703600 887.735100 721.267000 536.325500 370.696400 176.627300 143.050500 324.821300 595.338900 662.843200 502.222300 330.943000 369.073800 538.129100 791.722100 751.998900 681.919500 502.403100 396.309100 401.005400 486.823700 403.291700 259.117200 312.352300 368.377500 226.032900 129.363400 222.000600 252.116700 263.280700 331.643400 364.298500 372.844100 405.827800 373.061800 395.072300 488.038500 424.347100 365.625100 340.924200 286.507500 270.972000 225.622500 189.325200 111.747400 83.344500 78.299300 67.891400 79.727100 
-2011.544600 -2013.692200 -2015.441200 -2017.008300 -2018.340400 -2031.610700 -2060.453900 -2060.233300 -2058.878300 -2055.987800 -2051.538800 -2045.326400 -2037.740200 -2029.065000 -2020.284700 -2010.880000 -2002.112400 -2002.330400 -2010.657000 -2020.089800 -2028.674700 -2037.430200 -2045.033000 -2050.827400 -2054.888500 -2058.457500 -2060.520000 -2061.968900 -2062.871800 -2063.325300 -2063.547100 -2063.650600 -2064.286300 -2064.030200 -2062.800700 -2060.563200 -2055.499700 -2046.930900 -2036.414600 -2023.799400 -2009.064200 -2008.593300 -2022.287500 -2036.890500 -2048.749200 -2057.468800 -2061.819300 -2061.650400 -2049.949100 -2039.986900 -2026.547800 -2015.654000 -2005.070900 -1999.976200 -2004.582600 -2023.258100 -2117.172300 -1875.613900 -755.501100 178.955000 346.198700 297.892500 140.729400 -17.463700 -203.657800 -196.865200 -51.711500 59.077600 80.257800 11.977900 -145.283300 -321.048500 -481.847200 -622.078800 -720.571300 -794.480700 -842.796200 -855.677900 -845.081300 -812.970900 -749.210100 -669.879300 -555.909600 -408.625000 -252.539200 -45.587900 115.325000 186.329100 259.002200 347.683400 422.659500 483.389400 452.190300 469.954500 548.755200 669.916500 848.350000 970.407800 983.429700 1092.524900 1197.165600 1274.076200 1206.274800 1045.886500 893.518500 1093.149800 1222.805700 1082.121300 986.793200 823.652500 727.851300 445.798600 242.722800 141.972800 158.978900 383.063100 546.674700 454.149300 280.281100 369.738900 573.478600 763.394600 699.640200 532.351700 407.684200 337.103800 269.870600 301.815700 361.672500 290.727400 205.556800 231.548100 227.967600 121.303700 237.499200 270.148500 333.299600 383.640600 308.509800 259.779000 266.179200 239.873500 270.347300 337.629300 430.790800 461.145900 410.040300 339.472600 265.806700 201.698400 169.980900 117.489900 83.702600 72.090200 66.419700 81.872400 
-2010.010100 -2011.717000 -2012.839000 -2014.087400 -2015.260100 -2025.527500 -2051.602300 -2050.918600 -2049.110100 -2046.307800 -2042.508500 -2037.496600 -2031.272400 -2024.593500 -2017.362400 -2009.131400 -2003.233300 -2002.150500 -2008.561300 -2016.523300 -2023.874900 -2030.244800 -2035.988500 -2039.913800 -2043.419900 -2047.279400 -2049.050900 -2050.643800 -2051.657700 -2051.966000 -2051.876200 -2051.752400 -2051.129400 -2050.458300 -2048.145400 -2044.903800 -2040.241200 -2034.662300 -2026.794600 -2016.169400 -2005.608200 -2005.277900 -2014.411500 -2025.693500 -2033.168900 -2036.885600 -2041.269800 -2042.495800 -2036.462600 -2030.292800 -2022.041600 -2014.316400 -2006.310000 -2001.926900 -1999.133600 -1983.502300 -2034.178200 -2075.483600 -1332.607100 -195.707500 315.336400 345.707500 193.411300 -32.391400 -225.615400 -258.461700 -97.359200 19.787800 -3.320900 -114.526900 -318.244000 -501.462900 -654.482200 -771.164500 -847.355600 -920.253800 -955.579400 -870.916800 -871.518900 -950.920500 -906.243800 -840.524900 -761.811400 -654.692100 -543.111100 -326.711300 -5.032200 221.920800 334.561900 417.127400 541.000000 606.410400 622.072900 599.822500 599.291000 662.399300 718.724600 805.086400 944.128300 1077.973600 1228.949700 1226.536700 1025.278600 1064.310600 856.688800 893.112600 1105.581300 1088.704500 1029.995800 992.933700 852.537900 615.343400 358.170800 162.282100 98.747800 243.598900 353.588900 308.967200 259.839100 333.654000 548.739500 763.439900 772.668100 664.887700 577.318600 441.542600 304.678100 196.297200 240.619500 333.667400 299.136000 151.828100 184.150100 106.712300 186.823200 228.592200 329.072600 340.214900 270.724200 178.917400 178.565300 161.194400 172.108200 217.353600 251.573200 338.921900 436.706700 359.282400 258.562600 202.634400 179.996700 131.032100 83.583900 69.362000 62.708600 69.317800 
-2007.329800 -2008.442800 -2008.809800 -2009.135100 -2009.727700 -2016.740200 -2036.520100 -2034.705400 -2033.138600 -2031.010300 -2028.059200 -2024.441600 -2020.932100 -2016.274300 -2011.283800 -2006.163100 -2001.412400 -2001.239400 -2005.420200 -2010.952600 -2014.972500 -2018.976200 -2021.977700 -2024.084300 -2026.689500 -2028.482100 -2029.393900 -2031.317000 -2032.288900 -2032.445300 -2032.356900 -2031.471600 -2030.073300 -2028.384500 -2026.901200 -2025.431400 -2022.869900 -2019.187200 -2014.465800 -2009.220300 -2003.377900 -2002.794600 -2007.086800 -2010.976200 -2014.489600 -2016.851800 -2018.387200 -2018.405100 -2018.080900 -2015.138900 -2011.193600 -2008.093200 -2004.592100 -2002.313500 -1999.241900 -1988.711800 -2003.070100 -2119.753100 -1692.018100 -528.503700 233.475800 345.345000 267.464300 65.169500 -188.301300 -337.315500 -384.052900 -405.256300 -488.802800 -611.248000 -723.461000 -812.796800 -887.403200 -941.908400 -992.363200 -1031.668100 -1031.386400 -1059.556900 -1065.091500 -1050.980400 -1052.335200 -1038.145800 -999.820200 -949.946700 -875.048800 -761.889300 -471.826200 38.631700 288.863200 382.357600 464.301300 506.906600 590.182400 680.361400 749.129900 786.711000 857.833300 971.608100 1089.804200 1136.916600 1023.012900 991.909600 993.500100 839.519700 675.459400 748.077900 889.264600 905.316500 851.982000 770.724700 781.095800 730.361200 508.243800 253.068200 87.751200 178.133400 372.277000 330.161200 205.343400 289.987100 469.915000 646.164700 792.736300 760.763700 537.466200 461.785900 303.726700 233.718900 185.901000 204.442500 202.740400 194.088800 111.778100 127.363600 226.561600 293.769700 279.139300 240.756500 202.623600 167.526600 122.219400 134.211100 163.142100 149.109900 183.875700 246.672000 380.079800 408.322800 338.454200 243.921900 156.176400 132.027600 105.033500 82.570500 63.932700 63.847100 
-2002.453900 -2002.735300 -2002.624600 -2002.941700 -2003.382800 -2005.197200 -2015.555900 -2013.865700 -2012.104000 -2011.188300 -2009.546000 -2008.688200 -2006.946700 -2005.255100 -2003.485600 -2001.932900 -2000.822600 -2000.781000 -2001.424100 -2003.403700 -2004.538300 -2004.940900 -2005.761200 -2006.258500 -2007.198100 -2007.072600 -2007.703000 -2008.295000 -2007.182300 -2007.870700 -2006.919600 -2006.283800 -2005.641500 -2005.511800 -2005.362800 -2004.434100 -2003.830500 -2003.144200 -2002.290800 -2001.645300 -2000.782100 -2000.262900 -2000.839800 -2001.108300 -2002.024600 -2003.451900 -2003.805700 -2004.842800 -2004.281200 -2004.326200 -2003.090200 -2001.409100 -2001.031300 -2000.194200 -1998.975300 -1988.120300 -1990.894200 -2067.024900 -1806.318700 -656.523200 161.496200 348.705000 302.488300 143.590200 -131.826300 -444.468100 -669.326600 -786.616700 -894.551900 -966.652800 -1008.611900 -1039.433000 -1067.549600 -1087.058800 -1113.759600 -1136.972100 -1150.172000 -1176.932000 -1199.367700 -1178.096800 -1180.197900 -1161.205300 -1118.875500 -1078.205900 -1025.403500 -971.312300 -854.251500 -510.982300 -9.287800 283.126100 308.544300 393.127800 501.266200 540.143300 589.377000 688.203900 830.895000 961.841800 1013.013800 1078.608200 1020.790900 930.204000 833.844500 838.856900 683.348200 559.645000 571.582500 578.550200 576.296400 564.059100 523.380600 531.965800 458.059400 233.223300 73.601300 210.525800 422.597300 333.274900 206.125400 231.508300 344.723600 482.162800 635.417500 675.480900 579.503900 467.282700 330.297800 209.113500 191.280200 246.853100 197.022100 196.490600 102.666200 117.234800 198.244900 227.620900 214.933100 145.393800 139.233200 94.619800 87.948300 98.025600 112.548400 109.258000 129.901000 178.983500 247.744100 308.866800 377.437000 373.288100 279.176000 178.822100 141.192600 146.646600 140.726700 97.118200 
-2000.633600 -2000.870000 -2001.120900 -2001.673100 -2001.521100 -2002.336800 -2003.440200 -2003.669000 -2002.927900 -2002.812300 -2002.642300 -2002.947000 -2002.502800 -2001.773400 -2001.033100 -2000.459500 -2000.844200 -2000.167200 -2000.919800 -2001.953400 -2002.155000 -2003.192200 -2003.396900 -2004.516200 -2004.877500 -2005.749700 -2006.036200 -2007.141700 -2012.829300 -2018.575800 -2011.752200 -2008.035900 -2007.862400 -2008.049700 -2007.902300 -2007.828500 -2006.571200 -2006.207400 -2004.475300 -2002.452100 -2000.731900 -2000.687800 -2003.891500 -2007.332600 -2009.708200 -2011.862300 -2013.547500 -2013.981500 -2013.676400 -2012.645400 -2009.729700 -2007.771700 -2002.919300 -2001.725000 -2000.800100 -1998.929500 -1996.656400 -2093.838900 -1965.866300 -991.105200 54.435300 348.458200 277.909400 66.089600 -226.095200 -513.038500 -723.102100 -876.276500 -993.566000 -1066.840000 -1109.153100 -1140.946300 -1170.373100 -1178.369600 -1236.330600 -1215.832500 -1224.368300 -1286.932700 -1285.052800 -1268.880300 -1232.638300 -1203.383900 -1165.992600 -1040.106600 -949.224700 -781.452600 -503.501800 -160.018900 176.918100 210.778100 263.989700 337.289100 374.363000 488.791700 601.311400 714.703000 718.910000 814.536100 860.941000 985.018600 995.219600 995.910700 1008.213100 933.205300 832.758400 808.497100 669.873400 561.483100 479.343200 436.298000 336.384800 257.453500 192.809000 96.655300 87.107900 287.357500 459.125000 325.496600 183.171000 165.828900 217.862100 311.314400 454.031700 533.539600 571.813400 574.933000 451.692000 221.265600 185.523200 260.057200 307.051800 221.420900 109.026500 89.346900 129.787100 135.024000 145.961700 147.340800 111.970100 91.618000 88.592800 121.027000 116.199900 80.823700 100.325000 136.176000 158.379700 210.252000 310.967200 410.656600 318.324400 252.764700 196.922700 188.559600 185.390200 187.860000 
-2004.404900 -2005.472400 -2006.330000 -2007.594900 -2008.929800 -2010.062500 -2019.059500 -2019.163300 -2018.966600 -2018.246100 -2017.416100 -2016.143800 -2014.298000 -2011.967000 -2009.369700 -2005.378200 -2001.809400 -2001.764200 -2003.809500 -2007.594100 -2010.020200 -2011.915400 -2014.542500 -2016.632100 -2018.092800 -2019.595200 -2020.815900 -2036.811400 -2043.763600 -2044.605500 -2044.624900 -2040.466500 -2040.880900 -2040.621900 -2039.646600 -2037.298100 -2034.129900 -2029.785700 -2023.312100 -2014.887800 -2005.625000 -2003.581500 -2011.494400 -2021.958900 -2027.575800 -2030.602800 -2032.323300 -2033.147300 -2031.906900 -2029.418300 -2026.204400 -2020.401300 -2010.534200 -2005.084400 -2000.760400 -2001.320600 -1993.969600 -2073.849600 -2007.310600 -1163.636500 -69.141700 321.004800 252.592500 31.077500 -286.227800 -553.637900 -732.277400 -887.367200 -1003.913500 -1076.098000 -1143.093500 -1201.958300 -1241.189500 -1274.252700 -1306.452200 -1323.854300 -1333.471700 -1343.979700 -1330.179400 -1283.483600 -1246.557500 -1201.002700 -1129.688700 -996.036000 -874.225000 -726.902500 -550.535100 -308.517200 -104.237700 83.484700 251.056200 343.334100 443.962900 540.183900 594.149800 617.367800 662.846300 803.617400 952.002100 923.374000 789.091900 908.541900 923.901800 852.521800 908.871900 969.780000 921.488200 900.281600 815.019700 695.397900 483.417900 351.010300 231.039000 76.438700 115.390300 338.592000 444.597700 345.260700 175.353800 138.862600 223.356600 372.128900 379.671600 337.867700 306.414000 316.070600 260.461700 140.356500 62.874400 71.883200 203.087000 244.672200 113.699300 80.574400 102.999600 138.011100 88.785900 117.810300 123.067500 117.807700 72.998800 75.426200 93.189300 86.781100 98.533500 99.916900 110.682300 141.904500 175.528800 205.397200 323.235300 360.280200 269.768000 219.013000 230.729100 230.081400 
-2010.440300 -2012.475300 -2013.679200 -2015.680000 -2016.795400 -2022.280000 -2054.176600 -2052.920300 -2050.751000 -2047.477200 -2043.894000 -2039.164500 -2033.557800 -2027.362100 -2020.201600 -2012.314200 -2004.530300 -2002.540100 -2009.006200 -2017.856000 -2025.706000 -2033.149100 -2039.759400 -2046.445500 -2052.173100 -2056.339000 -2061.594300 -2064.332900 -2065.460200 -2066.199000 -2066.282000 -2065.254400 -2064.950400 -2064.625000 -2062.876600 -2060.012300 -2054.428100 -2046.617600 -2036.484700 -2024.202900 -2009.696600 -2005.998100 -2017.278900 -2032.988700 -2047.073700 -2050.734800 -2049.568100 -2050.094700 -2047.839400 -2047.005600 -2044.889200 -2037.210200 -2018.095300 -2009.132500 -2002.312800 -2002.644600 -1997.838100 -2024.985200 -2047.684400 -1372.256600 -227.814200 284.233400 230.627700 -12.016400 -315.460800 -575.711700 -762.439000 -903.451500 -1007.371200 -1051.444100 -1068.974300 -1191.061000 -1282.997300 -1326.100200 -1349.724000 -1372.992100 -1380.757500 -1380.762300 -1366.199700 -1343.697700 -1328.080100 -1288.534700 -1214.113500 -1102.699200 -988.470700 -872.878900 -784.440300 -577.551700 -406.174800 -102.919600 218.989200 253.384100 335.226300 388.034000 407.101800 456.877400 610.225700 731.554300 865.345600 753.310400 658.604000 779.958200 833.382400 691.633600 676.298500 736.934400 716.375100 864.658700 884.084700 794.674000 646.166500 424.656300 201.551400 77.360000 129.349700 333.462200 416.863300 367.201000 190.894300 131.822900 217.258800 235.744200 282.793400 221.600200 147.533200 87.514700 112.199400 175.776800 199.979500 68.917800 185.563300 250.512700 90.671900 92.318400 131.308100 137.631800 70.509000 113.392900 104.174000 85.556100 43.301400 60.407500 124.946600 104.866000 65.918500 49.099400 41.990700 61.882500 91.209200 112.977700 169.816100 309.943500 367.455500 329.390900 303.671200 310.779100 
-2014.194200 -2016.850100 -2019.408100 -2021.825400 -2023.861200 -2029.758700 -2069.800100 -2069.400200 -2067.521200 -2063.935000 -2058.937100 -2052.805000 -2045.746200 -2037.351300 -2027.330700 -2016.299400 -2006.087100 -2003.902700 -2011.372300 -2022.953500 -2033.922800 -2043.416000 -2052.155300 -2060.385600 -2067.302800 -2072.766900 -2075.968600 -2078.338900 -2080.602200 -2081.520500 -2082.023700 -2081.512500 -2080.945200 -2079.543200 -2076.669200 -2072.646100 -2068.077300 -2060.558400 -2048.553600 -2032.762000 -2014.795800 -2008.773300 -2023.024100 -2043.079600 -2058.886600 -2070.340900 -2078.079300 -2065.086100 -2066.629900 -2066.636200 -2059.879700 -2048.473100 -2033.955100 -2013.527700 -2004.386200 -2001.745200 -2003.230400 -2023.643300 -2090.501600 -1599.782000 -414.751500 218.675000 215.366400 -24.170200 -360.444500 -636.839500 -795.944600 -930.921700 -1026.609200 -1072.471600 -1102.893000 -1152.265300 -1206.988600 -1246.773500 -1329.674500 -1387.443800 -1436.960200 -1447.219300 -1437.724900 -1413.493700 -1409.906000 -1356.350300 -1256.434100 -1205.614200 -1140.671100 -1077.898200 -1001.219400 -856.681100 -627.514100 -357.488900 26.093500 188.251100 256.950000 300.120800 363.057000 487.145300 586.158300 642.421900 653.339100 548.000500 617.290000 618.357900 774.493100 620.034900 489.962300 478.902100 570.010300 669.039200 669.385600 787.140100 669.107100 470.692000 264.286100 107.657700 64.519700 125.626200 206.642100 256.022200 181.857800 117.525900 191.180900 158.106400 87.842400 45.951600 95.031900 192.672200 292.144200 406.005900 284.964200 80.133400 169.206500 148.148000 129.184800 190.767700 194.365000 139.561200 111.042900 58.328500 56.030300 95.880600 132.716100 124.744000 126.923600 117.876000 59.041100 37.528300 41.559600 42.322800 39.533500 39.379500 100.268000 156.100600 228.493900 379.013500 348.307500 336.031100 
-2015.703600 -2019.660000 -2023.093600 -2025.936500 -2028.199500 -2033.609200 -2079.334500 -2078.975300 -2077.753400 -2074.896700 -2069.823700 -2062.884700 -2054.077200 -2043.575000 -2031.647700 -2019.161700 -2007.595300 -2004.098900 -2012.784600 -2025.886600 -2038.383300 -2050.308500 -2060.555500 -2069.005100 -2075.663700 -2081.402600 -2084.994300 -2088.004900 -2089.807800 -2091.128500 -2092.620500 -2091.373500 -2090.756300 -2089.253300 -2085.293500 -2081.130000 -2074.392400 -2066.236400 -2054.615100 -2038.815000 -2018.683100 -2010.228100 -2027.087100 -2047.559000 -2063.579000 -2076.373000 -2085.786500 -2091.495600 -2087.471100 -2076.163700 -2065.562100 -2053.620400 -2039.399500 -2017.954600 -2006.186800 -2002.312200 -2002.577000 -1994.380100 -2108.491400 -1804.214900 -593.412400 183.864400 205.154100 -41.029800 -398.661300 -686.010600 -842.877400 -979.416600 -1065.476400 -1114.813000 -1156.745000 -1212.317300 -1278.781300 -1321.404800 -1352.572100 -1388.015400 -1431.932300 -1446.734800 -1427.870200 -1466.734500 -1436.617100 -1392.461100 -1389.979800 -1348.295700 -1317.187400 -1245.055000 -1173.987600 -1020.006100 -822.606400 -609.880500 -325.414900 -47.509000 124.761700 219.534700 305.006100 385.736600 417.135600 460.006900 493.488700 366.343500 418.440800 541.965300 587.465300 555.912900 421.362600 332.594400 518.744800 568.760200 446.206800 522.847800 578.900600 540.792100 428.029400 242.506000 75.558900 60.091800 69.252200 100.739500 79.440600 80.507300 79.033500 48.860000 75.848100 133.349600 247.655700 363.695500 492.687100 557.317700 338.062800 112.073100 56.045100 38.466700 71.846000 167.839900 191.871100 190.750100 144.064800 42.029500 100.220800 233.311000 331.405700 299.206600 269.397200 229.916300 127.126500 58.166800 40.513800 40.737500 43.836600 41.145700 41.149600 70.758300 121.143900 182.884100 282.236900 230.063100 
-2015.293300 -2021.096700 -2025.127300 -2028.130500 -2030.345200 -2034.739500 -2084.154300 -2083.528600 -2082.345500 -2079.873000 -2075.692600 -2068.893400 -2059.006800 -2046.879000 -2034.066000 -2020.819600 -2007.737700 -2004.058400 -2013.409800 -2026.590400 -2040.235400 -2052.665500 -2063.540900 -2072.663200 -2078.281300 -2084.402800 -2088.045700 -2090.860300 -2092.645500 -2094.505100 -2094.836500 -2094.823700 -2093.983400 -2092.166100 -2088.152800 -2083.690200 -2077.006400 -2067.456400 -2055.069200 -2039.369800 -2019.773500 -2010.729000 -2026.555100 -2047.175400 -2063.511300 -2077.340800 -2087.378000 -2093.745300 -2095.314000 -2082.664100 -2069.465300 -2055.577400 -2041.088500 -2021.943200 -2007.708400 -2001.484800 -2002.202100 -2010.711300 -2119.645500 -1953.490700 -802.656000 159.748500 187.853400 -62.292400 -429.584400 -734.320900 -897.967300 -1032.166300 -1141.702300 -1194.542100 -1218.733900 -1283.838400 -1359.980400 -1407.452500 -1451.037800 -1482.945800 -1508.070900 -1517.600300 -1518.854200 -1501.275100 -1536.625000 -1524.782800 -1509.210900 -1452.378000 -1381.155700 -1301.518800 -1265.923000 -1161.160700 -1018.609400 -854.672100 -632.159000 -383.468200 -167.792500 2.900400 151.940000 262.577200 296.504600 312.340600 253.534900 289.487300 387.852300 442.774600 468.941700 394.077000 322.007300 222.258600 351.700100 371.423200 271.455900 297.776900 341.395500 427.882700 499.037300 395.933300 194.096200 55.863000 120.202300 299.796800 282.416800 283.811400 236.630800 177.873900 142.414300 146.894600 285.231900 517.016300 653.282300 572.527500 440.586400 223.112000 125.280400 125.790200 78.525700 53.281800 54.011300 94.408400 80.445200 94.781500 213.401700 240.234900 358.406500 426.332100 361.365100 244.151700 192.220500 99.316500 46.527900 44.584700 42.757600 42.913200 42.886500 44.496200 51.893800 71.469600 85.347200 51.710800 
-2015.417900 -2021.121200 -2024.959500 -2027.949100 -2029.906200 -2032.892700 -2083.454100 -2082.757900 -2081.619300 -2079.166100 -2074.928600 -2067.842100 -2058.062700 -2046.441400 -2033.906900 -2020.721600 -2008.579200 -2004.255000 -2012.573100 -2025.699800 -2038.409200 -2050.592800 -2060.705200 -2069.240200 -2076.946900 -2081.475700 -2085.033600 -2087.916500 -2089.955600 -2091.676400 -2091.623500 -2091.111800 -2090.088900 -2088.342700 -2084.620300 -2080.153600 -2074.177900 -2066.202600 -2054.704300 -2039.407900 -2019.729800 -2009.020800 -2024.682600 -2045.617700 -2061.450400 -2073.456000 -2081.479300 -2086.846400 -2080.743400 -2074.768700 -2068.054000 -2055.766300 -2040.287100 -2025.934300 -2009.157400 -1999.631800 -2002.247300 -2001.088000 -2112.712500 -2044.662800 -989.935500 65.707900 161.216900 -81.464400 -458.727800 -776.315200 -952.756000 -1078.704700 -1194.825400 -1259.271600 -1289.850000 -1364.968000 -1436.825300 -1498.650200 -1547.957600 -1587.991100 -1613.612500 -1627.346700 -1638.813700 -1660.229700 -1654.361900 -1633.294900 -1605.382100 -1560.085100 -1503.790800 -1439.705600 -1387.387100 -1298.472800 -1190.723800 -1091.462900 -934.453400 -727.191400 -501.143700 -298.859000 -120.833000 56.636900 173.744600 167.852300 151.451500 237.852800 274.299600 322.449700 277.832500 279.623500 278.428000 164.555400 207.111500 100.756700 115.575000 119.451800 147.100700 171.426400 257.222000 265.248200 159.274600 25.906700 182.979500 174.657200 229.096600 338.352000 346.161900 306.123800 304.065000 267.495500 333.358700 429.194800 557.453000 585.685900 439.199800 264.464400 191.798400 158.492600 162.357900 194.307800 125.661700 237.090300 241.440400 132.827700 293.608600 363.099900 440.543500 537.788600 401.813600 251.124200 157.445200 101.389500 57.364900 48.351700 46.567800 44.794500 43.795400 44.909400 46.379100 47.150000 48.036600 58.280000 
-2016.064600 -2019.592400 -2022.313400 -2025.141600 -2027.758000 -2029.458300 -2077.135100 -2076.719300 -2075.606100 -2072.780200 -2067.581300 -2060.494000 -2052.021900 -2042.063000 -2030.843200 -2018.600000 -2007.931300 -2003.486500 -2010.527000 -2022.722100 -2034.363900 -2044.526900 -2053.255200 -2061.680900 -2068.804500 -2074.038400 -2077.091700 -2079.390900 -2080.987400 -2081.780500 -2081.625800 -2081.608400 -2080.563200 -2078.996200 -2075.927800 -2071.883700 -2067.355000 -2059.818200 -2048.544800 -2033.681300 -2016.060000 -2006.631100 -2018.018600 -2036.893600 -2051.883200 -2063.357500 -2068.399000 -2066.885100 -2066.436200 -2060.445000 -2056.289900 -2048.479700 -2036.409200 -2023.739200 -2008.974400 -2001.474600 -2001.882100 -1995.784800 -2108.228800 -2049.170600 -1047.262700 26.042500 140.526300 -101.080400 -484.140300 -818.450800 -1004.042100 -1139.714000 -1258.107700 -1328.544400 -1374.829800 -1455.031000 -1536.706700 -1601.299800 -1652.798300 -1692.280900 -1718.335900 -1729.531800 -1743.411000 -1757.831000 -1754.834800 -1736.071900 -1713.825900 -1690.146600 -1649.661500 -1596.016900 -1556.554900 -1477.708700 -1405.867500 -1326.170900 -1218.721600 -1070.336400 -911.186300 -695.989100 -449.717100 -206.840500 33.507500 63.123400 67.861400 103.651800 61.785300 70.621200 79.876900 56.961700 77.182300 61.624500 70.596800 119.844100 158.403800 153.153100 138.784400 104.621800 102.179500 100.171600 67.630800 111.986700 176.719500 221.451200 147.088800 136.177200 152.867900 169.409000 226.647900 344.657900 418.944400 458.974100 443.031800 402.514800 285.068700 208.959100 262.540500 221.885900 352.899600 302.522200 235.329400 148.567600 329.022600 172.188500 221.666800 339.612200 447.692500 467.696300 366.515400 309.248000 176.977200 83.173500 68.060800 76.766200 72.942900 49.236900 45.791000 45.569000 46.820000 47.658700 55.931600 105.722100 
-2013.743300 -2016.411600 -2018.507300 -2020.423900 -2022.240600 -2023.897000 -2065.269400 -2065.880000 -2064.210300 -2060.294900 -2054.632000 -2049.443500 -2042.443800 -2034.884900 -2025.865300 -2016.336100 -2006.506800 -2002.242300 -2008.365300 -2018.183700 -2026.921800 -2035.068300 -2041.667000 -2048.174500 -2053.918400 -2058.500200 -2061.108300 -2064.174900 -2065.271300 -2065.752400 -2065.416200 -2064.442200 -2063.570900 -2063.095300 -2061.164300 -2058.125800 -2052.444900 -2045.132100 -2036.229900 -2023.845500 -2010.378500 -2004.147000 -2012.844600 -2025.949100 -2037.833500 -2043.644300 -2047.792200 -2049.983400 -2046.712700 -2041.852600 -2037.943600 -2033.961000 -2027.843100 -2018.364200 -2007.368900 -2001.243300 -2001.174600 -1990.424200 -2091.398000 -2064.602900 -1001.840400 89.841400 139.338400 -148.129900 -547.400000 -865.953300 -1052.997700 -1191.149200 -1304.809700 -1393.711000 -1462.273800 -1553.885500 -1641.560600 -1714.310700 -1768.669500 -1806.506500 -1825.232600 -1834.482400 -1844.119100 -1848.023400 -1847.988500 -1841.257800 -1826.896300 -1808.566100 -1785.635700 -1751.659300 -1718.013200 -1675.095200 -1611.197800 -1546.911000 -1499.988400 -1421.139100 -1320.007900 -1173.485600 -971.297200 -716.861500 -443.796400 -249.917100 -215.510400 -195.808200 -190.260200 -149.350400 -80.087100 -18.416200 31.592200 166.669200 261.417900 332.400900 372.392400 487.277700 413.590000 295.181000 301.750000 262.009700 161.651000 256.358200 439.472900 438.679800 354.241100 316.130800 338.617300 262.244500 149.066800 204.675000 348.164000 432.779400 386.461000 369.970500 357.081500 370.262400 441.627400 352.242000 437.371700 482.829600 338.729600 235.360500 250.552400 295.881600 153.316000 181.573400 277.932200 304.775400 410.915500 293.231100 146.922000 111.785300 171.290600 133.163500 123.258200 73.613900 63.389500 45.500500 51.568100 71.799800 129.207400 232.601300 
-2009.839400 -2011.678300 -2013.051500 -2014.154400 -2015.379400 -2016.085600 -2047.588900 -2048.152700 -2045.386400 -2042.155000 -2038.476900 -2033.786800 -2028.853100 -2023.650100 -2017.646300 -2011.505800 -2004.501800 -2001.660000 -2005.337600 -2012.428700 -2017.635400 -2022.637800 -2027.516000 -2030.877100 -2034.813100 -2038.039800 -2040.502500 -2042.551500 -2044.279200 -2044.361300 -2044.114800 -2043.831900 -2042.690600 -2041.232700 -2039.592200 -2036.758100 -2032.644000 -2027.849200 -2022.157000 -2014.664100 -2006.588500 -2002.022500 -2007.006700 -2014.025100 -2020.262600 -2023.619700 -2025.675400 -2025.743400 -2024.081300 -2022.475500 -2019.202800 -2016.224500 -2014.210400 -2009.300700 -2003.952100 -2000.287800 -1999.757500 -1983.154500 -2118.887300 -2067.159400 -919.498700 69.899600 18.682100 -296.179100 -639.480100 -933.674700 -1103.817600 -1232.573000 -1346.244000 -1438.743700 -1534.706800 -1641.984700 -1742.441300 -1830.275200 -1888.103400 -1913.944900 -1922.675800 -1924.684900 -1929.640400 -1934.100100 -1932.390300 -1927.686800 -1921.403800 -1913.622200 -1902.609900 -1887.946200 -1875.736600 -1855.580300 -1816.286100 -1777.650800 -1766.706100 -1751.237200 -1710.637300 -1642.655900 -1522.336900 -1333.146700 -1113.327400 -911.553800 -761.359400 -633.967000 -520.160500 -388.042700 -236.767200 -76.730900 60.791000 186.776000 297.815200 375.795800 472.805100 563.878700 573.526900 481.158000 440.285300 430.155600 286.275700 248.765200 459.389400 588.463700 622.447200 533.499700 486.329400 399.900600 215.141000 214.588500 259.846100 233.568100 220.377900 286.903300 414.578500 519.165200 592.894200 619.771900 507.917200 582.221300 464.055300 440.996000 259.640600 292.549300 308.252800 166.773000 172.833500 256.253000 306.504700 354.629100 225.355700 117.996200 146.138600 177.260800 167.972400 129.013400 81.694200 61.133300 71.420900 100.960200 163.778200 252.129700 
-2004.569000 -2005.086100 -2006.135800 -2006.659100 -2007.290000 -2007.211800 -2024.458300 -2025.306100 -2023.897700 -2021.070900 -2018.688000 -2016.161400 -2013.421500 -2010.743000 -2007.944200 -2004.930200 -2002.057600 -2000.936900 -2002.056200 -2005.008500 -2007.393100 -2008.855600 -2010.760200 -2013.215200 -2014.709900 -2016.187700 -2017.475700 -2017.804400 -2018.314900 -2019.179900 -2018.706000 -2017.993500 -2017.129400 -2015.524600 -2014.827700 -2013.717600 -2011.627900 -2009.713300 -2007.566700 -2004.803600 -2002.002100 -2000.459300 -2001.491000 -2003.436100 -2004.825300 -2005.946800 -2005.814200 -2005.377600 -2005.245100 -2004.407100 -2003.797500 -2003.362600 -2001.956600 -2002.106300 -2000.758100 -2002.001000 -1999.670300 -1999.442100 -2064.642000 -1681.924100 -750.124100 -15.970000 -265.554600 -507.659800 -740.925300 -986.995500 -1144.479600 -1257.111900 -1370.362600 -1480.301600 -1588.735900 -1700.841900 -1812.412000 -1917.294900 -1976.756000 -1985.131400 -1983.356100 -1981.058100 -1980.052900 -1977.320200 -1978.072400 -1978.692300 -1978.695200 -1977.415400 -1974.348000 -1973.058100 -1970.907800 -1965.792500 -1953.114100 -1935.440400 -1942.759700 -1951.546300 -1953.383800 -1950.183900 -1909.510200 -1771.828600 -1578.858100 -1387.428700 -1191.860100 -994.501000 -781.187000 -586.791100 -382.716300 -178.306500 19.349700 121.011800 233.397400 332.113600 451.430400 537.399800 648.417500 696.483900 594.374400 573.982400 381.661400 261.938800 438.709000 698.222000 760.548800 603.213700 472.801200 310.958900 308.807900 449.034500 386.528600 212.107400 214.640300 312.518000 294.610400 350.254100 401.548900 550.856700 680.169900 688.759600 538.364700 389.958600 324.927600 305.504400 332.517400 215.180200 132.047600 182.002200 365.593200 398.878800 302.299300 214.494800 149.017700 90.494900 147.162200 111.729500 86.416100 67.349400 77.929300 101.772700 142.988700 216.296100 
-2000.352400 -2000.503900 -2000.682600 -2000.555800 -2000.925900 -2000.720900 -2003.060800 -2004.931100 -2004.697800 -2003.433900 -2003.303700 -2003.851800 -2002.994900 -2002.324200 -2001.573600 -2001.044800 -2001.201000 -2000.872500 -2001.216500 -2001.698600 -2001.643700 -2002.704700 -2003.271900 -2005.243200 -2005.627900 -2006.908200 -2008.411200 -2009.412500 -2010.129600 -2010.452500 -2010.971300 -2011.192700 -2011.543400 -2011.098800 -2010.307800 -2009.270900 -2008.506000 -2008.232000 -2005.773900 -2004.726400 -2001.532600 -2000.402000 -2002.027400 -2004.479600 -2006.838400 -2007.739300 -2008.191600 -2008.057100 -2007.672300 -2007.791900 -2008.008100 -2006.788400 -2005.726300 -2004.584000 -2002.501600 -1998.583000 -1994.699800 -1992.548100 -2099.139600 -2028.753700 -744.238400 72.115200 -112.875800 -416.382100 -708.312300 -973.290000 -1145.007100 -1258.658200 -1359.116500 -1448.357100 -1548.520300 -1646.656500 -1744.331700 -1830.209000 -1890.913300 -1918.475300 -1923.879800 -1926.086600 -1931.777900 -1937.322700 -1944.665200 -1950.538000 -1953.881500 -1957.820400 -1961.401600 -1961.147200 -1959.579800 -1944.394000 -1925.485300 -1898.840700 -1925.063900 -1968.645900 -1995.743000 -1994.340900 -1945.096300 -1856.178400 -1720.962600 -1548.026200 -1362.020000 -1168.369700 -953.514000 -711.266700 -482.697300 -262.244000 -60.731700 74.837900 173.969400 272.780100 397.835100 533.435500 631.122200 718.649600 768.936400 619.256900 497.805700 336.044500 515.508800 681.784500 741.776100 574.934800 395.918000 380.495700 416.355900 519.548600 375.220800 197.259200 129.931200 196.174400 172.783700 240.042700 336.620700 482.062800 647.318000 623.342500 516.455800 501.696900 449.061000 426.408200 281.723600 217.197400 164.512600 233.802400 243.875500 347.661800 431.383700 343.492000 226.907500 126.727100 176.392200 149.924800 95.873700 92.163400 123.254200 154.660800 154.929800 182.505800 
-2003.341200 -2003.824800 -2004.637000 -2005.312500 -2005.705700 -2008.511500 -2021.161200 -2022.696600 -2021.562000 -2020.733600 -2019.543700 -2017.337800 -2014.891500 -2012.457000 -2009.756500 -2006.669000 -2002.380700 -2000.340100 -2002.127000 -2006.236300 -2011.009800 -2014.255100 -2017.584400 -2020.588700 -2023.331600 -2026.000400 -2028.288800 -2030.702600 -2033.461400 -2035.007200 -2035.267600 -2034.886100 -2034.464300 -2034.250300 -2033.145900 -2032.547200 -2028.719000 -2025.403500 -2020.290200 -2013.741000 -2006.667400 -2001.624800 -2006.540200 -2014.117600 -2020.560400 -2023.371400 -2025.460300 -2027.440000 -2027.599700 -2025.862900 -2025.528800 -2021.756900 -2017.245600 -2011.352900 -2004.173500 -2000.745900 -2001.418400 -1984.430100 -2128.338700 -1927.444300 -760.715000 155.290500 85.473100 -240.668800 -633.359000 -968.468900 -1129.945600 -1242.400600 -1323.769600 -1381.539700 -1465.864900 -1548.260900 -1627.414400 -1697.225800 -1752.656200 -1788.663900 -1810.579400 -1823.764300 -1832.789200 -1847.472700 -1861.274100 -1873.892600 -1886.126900 -1894.631300 -1898.619700 -1900.061700 -1890.149600 -1874.439300 -1852.996600 -1829.765500 -1860.595600 -1900.668800 -1930.044300 -1931.149300 -1892.708700 -1812.452500 -1707.355000 -1567.810400 -1403.021500 -1223.962100 -1033.748700 -794.556000 -557.405300 -349.135800 -153.656700 6.943300 127.736300 222.839100 327.920300 437.836300 557.114700 649.199900 754.082400 648.590500 556.330900 470.925500 478.066700 611.205800 694.930100 642.623200 541.056800 488.407700 410.341100 401.550000 353.312300 221.311600 168.985100 298.158600 260.165500 190.761700 274.301500 393.840300 636.455200 726.278100 652.471900 626.396900 537.831500 454.232200 325.506300 340.503700 192.304800 224.860800 261.026300 342.258300 442.917900 470.651900 349.449700 263.258800 248.454500 203.213000 166.444000 109.824500 134.830000 142.511800 159.969000 204.762900 
-2008.851900 -2010.344400 -2011.543600 -2012.792900 -2014.053500 -2021.590800 -2042.278500 -2045.925500 -2043.420700 -2041.564500 -2038.867900 -2034.943500 -2030.652300 -2025.380700 -2019.422900 -2013.119500 -2006.022200 -2002.282900 -2005.452500 -2013.194900 -2019.842100 -2026.330900 -2032.172800 -2037.452500 -2042.704500 -2047.155200 -2050.373600 -2053.764000 -2055.779100 -2056.949900 -2057.424600 -2057.308900 -2057.095000 -2056.771300 -2055.756900 -2053.235100 -2049.823800 -2043.308500 -2035.449100 -2025.239300 -2012.744900 -2003.460600 -2011.048300 -2024.351300 -2037.217800 -2043.940100 -2046.330700 -2045.592200 -2045.093900 -2045.141100 -2044.052500 -2038.029000 -2029.067600 -2018.160900 -2006.930900 -2000.955500 -2000.738000 -1973.968500 -2135.195600 -1905.738200 -723.692400 163.458700 162.076200 -161.767700 -585.110700 -943.951700 -1105.542500 -1186.937200 -1256.786600 -1284.520100 -1347.790000 -1412.158400 -1481.231900 -1540.940500 -1593.502500 -1641.823300 -1674.276600 -1699.533500 -1719.183600 -1737.257900 -1753.159100 -1769.403600 -1786.374400 -1802.452900 -1808.039800 -1810.482900 -1803.949600 -1791.544600 -1778.571900 -1763.837400 -1788.994300 -1819.126000 -1847.058400 -1850.834200 -1823.813800 -1766.391700 -1675.143600 -1564.643400 -1405.721200 -1234.306600 -1071.627200 -894.433700 -638.738100 -430.015400 -233.331500 -53.492800 78.321800 168.957700 258.335000 378.963100 491.490200 605.533900 653.218900 613.144600 661.920400 553.532900 517.450900 571.175400 656.085200 585.481000 481.047500 370.182300 255.387800 237.999400 217.214400 220.018900 215.604600 253.634600 326.663400 272.048900 216.270200 338.712900 488.060400 659.810500 574.747500 474.391300 398.366400 303.175800 304.076700 278.330100 307.911900 210.103900 363.372600 331.315700 316.928900 346.883100 362.509400 338.466200 293.531200 203.399100 193.716800 116.240100 137.192600 158.917300 170.227600 163.631400 
-2013.076800 -2015.486200 -2017.331700 -2019.392600 -2021.125800 -2031.795600 -2057.156400 -2062.529300 -2061.349300 -2058.794400 -2054.896500 -2049.799000 -2043.457700 -2036.695300 -2027.495400 -2017.817200 -2007.855400 -2002.537700 -2006.977300 -2016.810800 -2026.563200 -2036.432500 -2043.969100 -2051.257700 -2057.446900 -2063.208900 -2067.107000 -2070.390000 -2072.607100 -2073.882500 -2074.568900 -2074.300500 -2074.284300 -2073.587900 -2071.512400 -2068.648000 -2065.429000 -2059.283000 -2050.068000 -2035.178400 -2019.018200 -2005.525300 -2015.477700 -2033.933500 -2049.487400 -2061.992300 -2070.787400 -2070.060300 -2061.293600 -2063.748300 -2057.790500 -2048.452600 -2036.200200 -2021.913900 -2008.099300 -2001.786700 -2002.375200 -1976.726900 -2104.048200 -1859.459600 -717.011300 168.028400 201.863600 -107.155600 -550.056200 -914.984400 -1045.698500 -1080.375100 -1094.532000 -1138.474800 -1194.084300 -1253.370600 -1314.004900 -1371.101800 -1423.669600 -1480.689400 -1522.837600 -1558.388100 -1587.093100 -1612.798300 -1629.989000 -1651.149300 -1672.495700 -1695.353900 -1711.623300 -1712.122100 -1714.660800 -1708.204300 -1705.875500 -1695.411600 -1719.553000 -1740.081300 -1760.944800 -1759.262300 -1746.265800 -1707.051300 -1646.128700 -1554.890600 -1434.058900 -1290.256500 -1119.367600 -955.900000 -758.685900 -553.935700 -362.206500 -159.419100 16.827300 178.247300 276.491300 335.285000 443.856200 544.216400 468.479000 459.831600 644.660700 686.187800 660.252200 663.495600 616.772500 507.275100 391.670100 450.286000 452.697200 445.596400 404.997000 304.432100 225.129600 226.038500 267.626300 386.870800 249.188900 210.925300 362.563900 546.905500 659.764400 527.703700 385.974800 399.283500 294.931200 260.117900 224.970700 248.165700 426.265900 463.124000 401.287400 331.423600 305.056400 220.003900 243.658000 275.172800 228.166300 185.545700 154.747700 200.293200 224.634300 171.108700 
-2015.237600 -2018.608400 -2021.266700 -2023.818000 -2026.088400 -2040.058400 -2067.120000 -2073.497600 -2072.804500 -2070.942700 -2066.680100 -2061.149500 -2053.840300 -2043.929800 -2032.712600 -2021.199000 -2010.031500 -2003.456700 -2007.249400 -2019.375600 -2031.539600 -2042.985000 -2053.135500 -2061.185700 -2068.589700 -2074.478600 -2077.785300 -2080.622800 -2082.494400 -2084.233200 -2084.922100 -2084.911300 -2084.745400 -2084.064600 -2081.301000 -2078.487900 -2073.144500 -2066.532600 -2056.373000 -2042.432200 -2024.084900 -2006.808400 -2018.758600 -2040.563400 -2056.833300 -2069.750700 -2079.109800 -2085.259000 -2087.385600 -2072.636700 -2064.381000 -2053.124200 -2039.976500 -2023.597300 -2008.029100 -2003.063500 -2002.402700 -1983.489700 -2097.691200 -1815.161200 -681.790800 180.612200 239.878200 -55.673000 -490.375500 -840.798600 -968.443400 -982.845000 -963.710000 -998.134600 -1043.426200 -1095.500400 -1146.817800 -1202.791500 -1259.962000 -1315.598800 -1364.767600 -1408.102400 -1447.460800 -1483.487200 -1513.117900 -1535.278100 -1557.005200 -1583.532300 -1598.020300 -1611.097200 -1621.971000 -1627.173700 -1630.608800 -1633.410000 -1661.513500 -1684.594600 -1704.453900 -1706.171300 -1686.131500 -1658.591300 -1613.089000 -1527.771300 -1451.313400 -1354.233100 -1233.708900 -1095.063800 -901.244400 -709.893400 -508.473700 -311.278700 -149.371500 -14.628000 130.511800 255.922300 355.426000 351.272100 278.623400 416.003700 462.194700 527.770600 631.136100 690.621600 595.129500 560.290700 554.926700 630.825400 537.890600 427.633400 323.811300 306.827900 280.407300 313.338600 365.093600 372.703700 357.569600 299.759500 308.687500 425.603800 613.756800 602.861400 479.625200 472.282300 320.129100 373.856200 246.714300 424.905700 485.503500 548.839800 401.702800 327.048700 279.081800 289.130300 275.728000 253.252000 208.687200 194.321400 159.712600 195.072300 255.611300 206.275000 
-2016.100400 -2019.526300 -2023.446500 -2026.414400 -2028.975400 -2045.349600 -2071.237600 -2077.903800 -2076.734900 -2074.618300 -2071.176500 -2065.404700 -2056.572600 -2045.623600 -2034.220700 -2022.392900 -2010.163700 -2002.245800 -2006.586400 -2019.208500 -2030.468600 -2040.951900 -2050.261300 -2058.370300 -2063.721700 -2077.275100 -2081.265200 -2084.080400 -2086.156500 -2087.571000 -2088.412900 -2088.682900 -2088.548100 -2078.252600 -2070.931500 -2067.976400 -2063.327800 -2056.938500 -2047.795800 -2035.981700 -2021.315400 -2006.705300 -2019.645600 -2041.290100 -2058.229700 -2072.064100 -2082.776000 -2088.691200 -2090.738700 -2082.766300 -2066.755400 -2054.037900 -2040.982800 -2024.956100 -2008.449000 -2002.729100 -2002.210100 -1979.462200 -2093.124500 -1829.322100 -692.776400 148.016500 241.784200 -54.040900 -426.762300 -716.256700 -826.888300 -836.425200 -846.080800 -824.347000 -864.756200 -911.487600 -968.234100 -1032.218000 -1100.707400 -1157.209500 -1215.571700 -1265.770900 -1311.233300 -1353.888900 -1391.741700 -1423.364100 -1434.754300 -1457.257800 -1483.239700 -1504.283500 -1525.180900 -1541.081200 -1557.349400 -1570.358600 -1591.003300 -1624.758400 -1646.422600 -1653.133500 -1654.629200 -1645.641700 -1531.594400 -1386.047800 -1342.034100 -1297.090000 -1288.544400 -1176.697300 -1036.290700 -882.126500 -717.543700 -540.556000 -401.371300 -255.694000 -108.149000 39.849800 159.986700 211.921600 177.792700 227.949800 339.363400 408.828400 489.606900 572.174800 700.112300 676.291900 656.196500 642.004700 486.712200 459.773500 411.154500 356.395100 440.857400 559.861000 587.143200 551.838300 448.167300 357.010600 289.342100 349.056900 451.244400 609.823800 606.670700 582.649300 384.380800 544.693000 436.319100 437.761800 488.089600 480.585200 379.966900 363.831800 367.183700 310.470600 266.917300 248.579300 203.220100 170.806600 168.544700 132.774600 191.465700 203.084700 
-2015.432600 -2019.044600 -2023.408900 -2026.304700 -2028.859800 -2037.067000 -2054.423700 -2055.431800 -2055.244600 -2054.342500 -2052.390200 -2048.812800 -2043.154500 -2035.926900 -2027.661900 -2018.506200 -2008.858400 -2002.353700 -2006.170300 -2015.933900 -2025.090500 -2033.340800 -2040.511000 -2045.985700 -2050.104300 -2053.348700 -2071.437200 -2082.052500 -2083.550600 -2085.006100 -2086.348400 -2085.902500 -2067.942100 -2060.452800 -2057.819200 -2055.695100 -2052.518000 -2047.576200 -2041.438400 -2032.253800 -2018.921300 -2004.842500 -2017.003900 -2038.784900 -2055.633900 -2068.028400 -2076.278200 -2082.332900 -2080.040700 -2069.958300 -2062.776100 -2052.119000 -2039.173500 -2023.760800 -2008.911900 -2002.655500 -2002.394800 -1993.313000 -2096.005900 -1896.955800 -806.139200 116.016700 222.454100 5.454500 -279.193100 -577.037700 -624.091400 -605.480800 -621.994500 -609.982500 -662.266400 -723.912100 -796.549900 -871.999100 -932.930600 -1004.608700 -1069.095200 -1123.192500 -1174.392400 -1221.216000 -1265.383500 -1289.867500 -1318.088700 -1349.474700 -1380.712800 -1409.549800 -1435.608100 -1458.705200 -1484.070200 -1506.223900 -1530.570400 -1552.443500 -1574.067900 -1592.943700 -1599.603400 -1552.326000 -1446.944000 -1405.897400 -1357.743500 -1298.794000 -1253.583500 -1205.989200 -1181.662300 -1076.447600 -932.354500 -808.488700 -709.228600 -600.716100 -456.309500 -313.156100 -183.503100 -58.702900 88.266700 247.219100 310.177100 411.523500 535.932200 662.771200 758.768800 869.182900 847.034500 722.615400 657.682500 563.403200 506.184400 486.844400 644.032800 742.881300 740.747700 649.750000 462.194800 447.834600 415.319900 294.716000 347.181400 521.730800 725.453300 616.444700 555.454400 687.194400 652.038700 502.661100 491.593400 381.364600 396.308100 361.250200 336.762700 327.572400 279.065100 230.790500 193.957400 182.905100 189.041400 179.793500 152.246100 163.291200 
-2014.387000 -2017.290100 -2020.558300 -2023.881600 -2026.480900 -2027.527600 -2040.601500 -2047.409200 -2047.231600 -2046.107800 -2043.694600 -2040.377800 -2036.508600 -2031.954000 -2024.346500 -2016.155600 -2008.141800 -2001.933400 -2004.904100 -2012.453300 -2020.775300 -2028.530000 -2033.477800 -2037.729000 -2041.210300 -2044.717300 -2047.277500 -2054.790500 -2075.042300 -2075.943100 -2076.453100 -2050.359000 -2050.167700 -2049.201500 -2047.545000 -2044.913500 -2043.261600 -2040.171900 -2034.371300 -2026.305600 -2015.147800 -2003.633000 -2011.807600 -2030.268400 -2045.906400 -2057.733300 -2065.768000 -2070.025500 -2056.990800 -2057.046300 -2053.933200 -2045.116700 -2034.754900 -2022.186600 -2008.653000 -2001.090000 -2001.168700 -1976.840900 -2094.182400 -1957.960800 -918.600800 54.731700 172.200200 55.315000 -90.187100 -296.994300 -296.190000 -292.847800 -370.040600 -395.689500 -478.227800 -570.995400 -657.707900 -726.806400 -787.632200 -846.319000 -905.331400 -967.734500 -1040.687500 -1086.485000 -1127.461100 -1162.323500 -1203.366700 -1244.139200 -1281.208200 -1316.112000 -1350.093000 -1382.511500 -1412.913500 -1441.097600 -1464.276400 -1490.144300 -1516.065100 -1532.872900 -1527.757600 -1469.169900 -1455.410800 -1436.764400 -1414.683800 -1389.422500 -1352.664100 -1323.030000 -1282.525700 -1234.323400 -1174.171600 -1101.379500 -1036.601900 -980.786400 -901.829200 -750.751400 -635.336400 -475.102500 -300.913600 -196.902800 -110.565000 10.174500 148.515100 252.829100 385.952100 534.644000 768.385100 933.342500 917.944500 808.891600 711.503800 647.949400 760.814700 785.773400 741.200700 691.197200 659.112200 614.835200 528.975000 428.426500 349.944200 475.770800 707.505400 703.380700 787.297400 691.388200 565.509400 499.891500 368.447300 417.534600 422.709000 433.628500 407.679000 372.908700 341.110100 276.286800 216.579900 179.774800 194.969100 207.818800 172.234900 181.204500 
-2011.090000 -2014.089300 -2016.330900 -2018.097500 -2019.571700 -2021.219900 -2030.914900 -2036.093900 -2035.331800 -2034.182600 -2032.358000 -2029.865600 -2026.514800 -2023.302000 -2018.762500 -2012.804500 -2006.495100 -2001.390000 -2003.880500 -2010.153700 -2015.661700 -2020.119100 -2023.883900 -2026.619800 -2029.088200 -2031.856700 -2033.927300 -2035.353200 -2035.693000 -2043.931800 -2035.780400 -2035.533000 -2035.050300 -2034.401500 -2033.606600 -2032.232000 -2030.252000 -2027.661700 -2024.205200 -2018.285400 -2010.028500 -2001.359800 -2005.651500 -2016.284200 -2032.367600 -2040.778400 -2043.936600 -2039.878900 -2040.185400 -2037.454700 -2035.594800 -2032.429400 -2025.479700 -2011.870700 -2003.274600 -2000.435900 -2000.601900 -1989.194300 -2093.972700 -1981.605900 -994.284600 -4.613700 169.953500 53.283300 10.403500 -37.548200 -5.281000 -29.539700 -120.696200 -228.974100 -343.136000 -431.723100 -511.701500 -583.604300 -647.371700 -706.612600 -759.763400 -817.311700 -880.419800 -951.385900 -999.435900 -1049.168900 -1096.925500 -1143.692800 -1187.635400 -1230.926100 -1267.702800 -1305.378000 -1341.719800 -1375.165700 -1415.494300 -1421.077100 -1450.340000 -1470.574200 -1453.999600 -1462.924200 -1469.604600 -1475.051600 -1479.307900 -1475.697000 -1466.526100 -1452.010100 -1440.015600 -1427.795400 -1410.717600 -1391.264400 -1375.769100 -1354.635300 -1309.244700 -1247.127900 -1175.965200 -1089.937100 -993.040500 -912.917000 -892.656400 -828.476100 -724.669400 -620.076500 -454.040300 -238.622900 9.683600 400.300300 775.226200 860.083200 826.141000 795.232900 794.553600 747.904000 722.056000 693.437700 673.282800 647.679400 633.462100 598.908500 497.452800 515.498900 679.480700 893.358400 889.529700 822.074100 724.459200 553.139100 501.841500 366.093800 342.504600 321.589300 314.411300 336.780400 383.410800 379.278600 309.052100 224.053600 223.427000 222.760200 191.006600 162.591300 
-2006.516100 -2007.979500 -2009.679500 -2010.763000 -2011.275200 -2011.698300 -2017.621900 -2021.994700 -2021.261200 -2020.209200 -2018.802400 -2017.141400 -2015.248900 -2013.631900 -2011.119700 -2007.939100 -2004.309000 -2000.551900 -2002.065000 -2006.191200 -2009.254600 -2011.428500 -2012.518300 -2013.924000 -2016.205600 -2016.883400 -2017.601000 -2018.756900 -2018.829000 -2017.643700 -2017.767200 -2018.363900 -2018.159200 -2017.613100 -2017.473600 -2016.055300 -2014.898100 -2013.351700 -2011.183700 -2008.776000 -2005.149800 -2000.872700 -2003.116200 -2006.366100 -2009.524500 -2017.826700 -2020.795300 -2021.201200 -2019.887400 -2018.540900 -2016.065700 -2015.011400 -2004.570900 -2003.786700 -2001.140000 -1999.950200 -1997.900100 -1983.249100 -2100.609800 -2007.983200 -1100.449400 -46.301000 226.982800 89.977400 18.190900 13.164400 21.532000 8.043100 1.595100 -118.741200 -227.719400 -318.027900 -394.504800 -464.507100 -530.588200 -592.604100 -652.528100 -710.994800 -767.672700 -825.267700 -887.060000 -949.348500 -1006.156000 -1057.989600 -1105.613000 -1150.314400 -1195.839100 -1237.454000 -1273.680000 -1309.950400 -1347.414800 -1367.875800 -1395.581800 -1413.101700 -1439.564800 -1464.040400 -1486.825400 -1510.512700 -1533.164700 -1551.699900 -1563.469800 -1573.997800 -1584.119600 -1592.529800 -1611.539600 -1634.891700 -1658.648500 -1665.657300 -1692.777100 -1708.155300 -1696.989100 -1696.712600 -1685.222900 -1647.709000 -1626.302600 -1611.559000 -1536.322400 -1429.656300 -1311.735300 -1109.110500 -851.215300 -540.256700 30.614600 756.153200 763.895600 744.314300 734.918200 709.228900 686.474000 671.178300 650.148500 641.772600 634.088300 614.495500 602.419700 586.476100 623.498700 804.565600 996.397500 976.334100 817.266800 703.389400 493.343900 433.032400 434.581300 383.993500 367.895800 260.000400 249.673700 255.479700 218.285400 203.192600 187.375700 156.968100 169.156600 209.550800 
-2001.160000 -2002.096800 -2002.546100 -2002.813200 -2003.310800 -2002.809500 -2004.793200 -2006.593600 -2006.393300 -2005.950800 -2005.471500 -2004.839400 -2004.018200 -2003.050300 -2002.180500 -2001.792300 -2001.193100 -2000.384800 -1999.862200 -2001.293800 -2001.840400 -2002.145800 -2003.290300 -2003.408600 -2003.658700 -2003.765400 -2004.312200 -2004.537400 -2004.096900 -2003.820700 -2003.479000 -2003.197900 -2003.809400 -2003.664600 -2003.646900 -2003.375100 -2003.205500 -2002.493500 -2001.326000 -2001.733500 -2001.095200 -1999.946200 -2000.383500 -2000.844200 -2001.084600 -2001.415300 -2002.548100 -2002.697200 -2002.552900 -2002.432400 -2001.456000 -1999.984500 -1999.430800 -1999.297700 -1999.717300 -2000.543300 -1990.350100 -1984.696600 -2033.880500 -1922.466100 -1056.750800 -86.984100 229.979200 171.414400 34.510100 34.642500 43.568000 30.660200 -16.940600 -117.963300 -206.984700 -278.100800 -344.083300 -409.396400 -472.176400 -534.783200 -597.064400 -659.037900 -718.057100 -777.160500 -837.607100 -900.759500 -959.588500 -1012.359300 -1059.690100 -1107.062300 -1153.938100 -1197.396400 -1233.912000 -1273.199600 -1305.285400 -1331.579200 -1363.098200 -1396.596400 -1430.440900 -1463.276200 -1498.009900 -1549.723500 -1585.658400 -1619.602500 -1647.586700 -1673.661900 -1698.382300 -1724.090800 -1761.162700 -1805.309200 -1846.908100 -1894.012600 -1935.493200 -1968.728200 -1996.336800 -2009.929800 -2000.360100 -1942.115800 -1939.075100 -1928.934500 -1889.961500 -1773.749500 -1607.532700 -1362.336700 -1084.969400 -616.845900 109.679200 707.693900 687.290000 678.293400 661.272100 660.622400 667.092500 665.025800 658.277200 653.585600 630.190000 622.875600 612.272100 621.511300 656.901700 744.258900 793.540500 861.518400 858.891800 801.997700 696.309900 659.810500 528.566700 593.802900 538.998400 403.789100 322.081800 320.284400 327.120800 291.921500 258.411300 258.913000 262.483600 324.014100 
-2000.097400 -2000.057600 -1999.719900 -2000.148800 -2000.554800 -2000.943700 -2004.216800 -2004.230100 -2004.053000 -2004.507100 -2003.771000 -2003.400100 -2002.858500 -2002.848300 -2002.096100 -2001.563200 -1999.935700 -2000.510800 -2000.220300 -2001.352500 -2002.194200 -2003.322300 -2004.488600 -2004.793900 -2005.861400 -2007.182300 -2008.188800 -2009.582400 -2011.039000 -2011.353700 -2012.058400 -2012.569700 -2012.854200 -2011.486000 -2010.809700 -2011.073500 -2009.950200 -2009.235200 -2008.072100 -2007.573800 -2003.705400 -2000.092200 -2002.095600 -2006.410000 -2009.364900 -2011.395800 -2013.791500 -2015.170100 -2015.638000 -2015.492000 -2013.824900 -2012.220400 -2009.688800 -2007.332600 -2003.834700 -2001.082600 -1999.905100 -1991.057700 -2057.523900 -2107.358100 -1317.536100 -168.203400 271.323500 228.677800 96.343600 13.050500 61.854300 38.146400 13.421500 -71.003100 -159.291700 -238.348100 -314.554200 -387.881500 -458.274000 -524.447400 -590.649500 -655.320400 -717.852600 -780.141400 -839.915800 -900.365800 -957.147400 -1008.940200 -1057.909200 -1103.617000 -1147.428400 -1188.853300 -1228.766600 -1269.071400 -1301.574300 -1333.964400 -1363.582900 -1397.640900 -1431.440900 -1467.378400 -1504.325700 -1539.582500 -1624.115800 -1659.885900 -1693.801000 -1709.721900 -1738.506300 -1740.921200 -1755.796700 -1804.001700 -1870.571900 -1943.611300 -1998.221400 -2031.121100 -2045.574000 -2030.873100 -1986.347100 -1918.611400 -1897.385900 -1877.804200 -1775.297600 -1646.593600 -1420.751600 -1137.123700 -794.371300 -278.842400 194.756600 543.011000 596.255000 622.280100 621.935700 633.738100 645.892900 656.382200 666.607400 670.428000 660.023800 632.012700 595.319000 607.707900 602.888100 602.627100 631.201800 655.630900 692.782800 742.888500 772.684000 712.744800 723.407000 623.093500 519.159000 401.911000 442.089000 336.068700 280.084300 269.359900 205.013000 221.466600 373.894900 448.725400 
-2002.081100 -2002.125400 -2003.062800 -2003.386400 -2003.667000 -2010.818400 -2020.953900 -2020.897700 -2020.806800 -2019.946500 -2019.555900 -2017.540300 -2015.241600 -2012.893200 -2010.318800 -2007.293700 -2002.612200 -2001.567600 -2000.377800 -2005.908500 -2009.382800 -2012.799500 -2015.728200 -2018.948200 -2021.892300 -2023.121300 -2024.829600 -2026.154000 -2027.473900 -2028.705000 -2029.309700 -2029.771400 -2030.033700 -2030.358600 -2030.957400 -2030.580300 -2028.915700 -2026.280700 -2022.320300 -2017.034000 -2009.772300 -2001.162300 -2005.111700 -2014.355900 -2022.543800 -2028.845900 -2033.367800 -2036.796200 -2038.956600 -2038.791400 -2035.445100 -2029.064800 -2023.909300 -2017.495100 -2009.632500 -2003.005500 -2001.126900 -1995.097400 -2049.418500 -2069.857200 -1369.057300 -225.889300 273.225400 313.741600 161.074300 30.049600 46.877000 35.188900 29.199900 -27.627900 -112.409600 -200.494200 -287.740800 -365.133700 -441.742900 -515.481100 -585.112000 -653.605400 -719.538000 -784.697600 -847.156100 -905.720600 -961.189100 -1008.846600 -1058.351300 -1104.310000 -1147.762300 -1190.483500 -1229.266200 -1269.237200 -1304.028600 -1336.467100 -1365.655700 -1399.589100 -1432.573500 -1466.994600 -1502.728000 -1537.623600 -1572.951300 -1638.462300 -1647.787400 -1663.851200 -1689.994000 -1719.326100 -1743.106500 -1778.772400 -1829.753500 -1923.609500 -1980.429900 -2012.864900 -2021.753800 -2003.928500 -1964.615200 -1918.011300 -1876.979600 -1817.172600 -1630.478600 -1425.868800 -1156.451800 -836.273700 -563.836800 -174.877100 129.420900 393.869300 477.651300 529.513100 588.410100 617.623600 627.068300 634.851300 643.616900 656.056800 647.636500 648.222000 626.287000 578.655800 563.343900 554.052700 563.923100 553.640600 578.538400 608.470800 604.746800 606.911900 660.229200 694.395600 620.368100 530.499200 460.631500 376.801200 283.188400 262.476500 276.295200 225.668700 313.560800 438.251600 
-2005.131900 -2005.658400 -2006.061900 -2006.425000 -2007.036000 -2018.756700 -2032.777400 -2032.200000 -2031.442000 -2030.305100 -2028.741800 -2025.861900 -2021.471600 -2018.114500 -2013.812200 -2009.607100 -2004.601200 -2000.752700 -2000.760800 -2007.008200 -2011.029100 -2014.968400 -2018.943100 -2022.549100 -2025.216600 -2027.132600 -2032.163700 -2036.900900 -2038.655700 -2039.456100 -2039.581400 -2040.097000 -2037.748500 -2032.278400 -2033.213400 -2032.686600 -2031.165800 -2028.993100 -2025.462400 -2018.553800 -2010.609900 -2002.610200 -2006.113100 -2020.597200 -2032.377800 -2041.234200 -2046.954700 -2050.569200 -2052.449300 -2052.171200 -2050.018900 -2044.058500 -2033.496900 -2024.934100 -2014.376900 -2004.312400 -2001.137900 -1995.943900 -2049.705500 -2105.376900 -1479.985800 -332.875400 268.713800 366.553200 243.660000 78.955200 21.012600 12.367200 9.882200 -23.600300 -102.929900 -185.937500 -270.751800 -348.904600 -423.982300 -502.274600 -577.427800 -651.122800 -718.708700 -784.475900 -848.433500 -900.637800 -954.303800 -1005.901100 -1051.914000 -1099.800100 -1144.463200 -1186.177200 -1227.600200 -1267.804400 -1300.782800 -1336.203200 -1366.731900 -1399.655600 -1431.182100 -1464.484500 -1499.243900 -1533.269900 -1564.864900 -1594.831400 -1626.401200 -1665.499100 -1692.088200 -1712.632700 -1729.436700 -1762.584100 -1801.461400 -1872.557200 -1941.103400 -1971.438000 -1984.250200 -1969.098000 -1949.029000 -1911.864800 -1862.739600 -1734.071400 -1575.408300 -1356.547200 -1064.155600 -724.606000 -411.214100 -104.370100 133.471200 298.473500 405.000800 522.976100 545.207300 562.466600 571.467000 611.323700 634.498700 654.292200 658.021300 655.745900 637.216900 590.968400 519.049800 517.972900 537.817300 542.020200 544.650300 527.163600 539.737500 547.023700 590.445800 684.020700 667.972000 572.018000 461.870100 346.585700 295.222000 258.659900 290.418900 255.200000 238.734100 272.171700 
-2005.605200 -2006.214900 -2006.712800 -2007.608000 -2008.323800 -2015.509000 -2025.230200 -2025.643600 -2025.530300 -2024.780900 -2022.809100 -2020.584100 -2018.284800 -2015.684000 -2012.092400 -2007.741700 -2003.806100 -2000.506600 -2000.574200 -2005.626000 -2009.044500 -2013.228300 -2017.154600 -2018.999700 -2021.381200 -2023.476700 -2024.944100 -2031.076200 -2041.502300 -2041.743700 -2042.087900 -2034.329200 -2027.225900 -2028.197800 -2029.322000 -2029.777400 -2029.703900 -2028.915200 -2025.571700 -2018.323700 -2010.524300 -2002.230000 -2005.782600 -2019.594900 -2030.562900 -2041.496500 -2046.890800 -2050.450000 -2051.887400 -2051.842600 -2049.756100 -2043.454900 -2033.194200 -2024.911000 -2014.763100 -2002.989400 -2001.642900 -1995.874600 -2050.230200 -2093.739600 -1591.346900 -447.477600 275.470600 436.514500 376.681800 203.147300 78.222200 19.081200 -9.853000 -48.856300 -119.633700 -195.885800 -274.697200 -349.544700 -424.290000 -495.886000 -565.647100 -634.389100 -699.824900 -763.868900 -826.733100 -887.664500 -946.667100 -1002.481500 -1053.451200 -1100.518400 -1145.473900 -1187.474600 -1227.430100 -1264.587500 -1300.065900 -1334.733600 -1365.769400 -1397.983300 -1429.770300 -1463.004600 -1497.075500 -1530.019800 -1560.758200 -1589.360800 -1615.364100 -1640.551800 -1678.299500 -1691.976700 -1720.463600 -1750.967200 -1783.154500 -1820.291600 -1900.680000 -1929.341000 -1944.710800 -1942.417000 -1936.127600 -1910.404600 -1861.504900 -1747.599400 -1584.717400 -1369.293600 -1070.315400 -699.344200 -269.160600 39.950300 137.107700 216.171000 305.942400 388.108300 461.164000 495.574000 541.164600 590.994100 624.699000 634.701300 644.614500 637.860300 618.573700 509.899900 340.037300 490.309000 587.250700 609.411800 614.700300 593.199900 554.402300 565.712500 546.361500 597.310600 670.331900 568.393000 423.923400 407.638900 473.364700 377.588700 342.899600 311.856400 288.379500 209.565600 
-2004.515400 -2005.049400 -2005.568200 -2006.220700 -2007.237100 -2012.760200 -2020.450300 -2020.685100 -2020.785100 -2020.526700 -2019.564500 -2017.725700 -2015.555700 -2013.039700 -2009.893200 -2006.847200 -2003.097800 -2000.469100 -1999.985000 -2004.783000 -2007.522700 -2010.547400 -2012.985900 -2015.302600 -2017.076800 -2018.220700 -2018.280700 -2018.719400 -2018.892400 -2029.470600 -2022.232800 -2019.508900 -2019.715400 -2020.147000 -2020.740500 -2021.494000 -2021.176400 -2020.084000 -2017.698500 -2013.576600 -2007.909600 -2002.043000 -2003.718200 -2011.486300 -2018.503300 -2031.032700 -2034.985100 -2037.757800 -2039.972300 -2040.020300 -2037.388700 -2032.531200 -2024.352300 -2017.572100 -2006.198700 -2002.410600 -2001.106400 -1991.060900 -2032.728400 -2100.760300 -1680.785300 -585.677800 216.992600 471.868000 449.297100 311.352400 175.019500 100.352000 -15.647800 -70.832000 -146.100500 -219.408300 -293.800000 -363.516800 -432.680100 -501.859700 -567.727500 -632.822300 -697.037500 -759.432100 -822.325400 -884.586900 -943.168400 -998.867800 -1051.728100 -1099.083900 -1144.677900 -1188.062100 -1226.821600 -1265.508000 -1298.583700 -1330.715900 -1362.903700 -1395.164600 -1428.059000 -1460.721900 -1493.847000 -1526.515300 -1557.604300 -1586.247700 -1610.589000 -1632.330200 -1654.486200 -1679.119200 -1708.006600 -1740.973000 -1775.028000 -1807.615600 -1850.712900 -1888.779200 -1903.654200 -1911.128100 -1926.261000 -1918.856200 -1870.241000 -1789.146400 -1663.361000 -1486.711400 -1234.719200 -884.423000 -382.239000 7.354800 52.237800 118.662300 186.280700 257.331800 332.781900 409.471600 482.321600 522.696900 550.632300 577.511400 584.296400 565.314100 434.326900 280.764500 305.034500 489.273200 594.352700 648.237800 647.001900 662.644800 630.363200 602.237200 594.543300 573.463200 619.311600 602.068500 560.553300 549.186600 535.635000 452.262300 388.323300 381.386900 343.584100 249.560600 
-2002.188500 -2002.783200 -2002.805500 -2003.579300 -2003.596600 -2005.557000 -2011.603100 -2011.735100 -2011.303200 -2011.139600 -2010.895200 -2010.070000 -2008.591100 -2007.310300 -2005.445400 -2003.887400 -2002.171000 -2001.045300 -2000.567800 -2002.350100 -2004.264000 -2005.238700 -2006.687400 -2007.826500 -2008.357700 -2008.750600 -2008.925300 -2009.010800 -2008.748000 -2008.393100 -2008.710300 -2009.430900 -2009.559300 -2009.188200 -2009.287400 -2009.470000 -2008.905100 -2007.780500 -2006.731700 -2005.262800 -2004.112600 -2001.452500 -2001.775300 -2004.483100 -2006.246600 -2008.545200 -2015.844900 -2017.181600 -2018.248700 -2017.581100 -2016.334100 -2012.939800 -2008.517900 -2003.751800 -2002.319600 -2000.449100 -1998.873000 -1992.422000 -1999.526800 -2069.595500 -1732.950600 -672.322000 145.934200 415.373700 425.897800 298.932900 143.034300 81.941600 -20.333600 -110.861200 -178.749400 -251.020100 -318.036100 -385.355400 -449.148400 -513.508700 -576.094700 -637.711400 -700.095400 -759.864800 -821.663400 -885.497500 -946.270300 -1000.948300 -1050.984800 -1099.710400 -1148.492900 -1192.772400 -1229.460200 -1263.874400 -1296.286900 -1328.105500 -1360.229800 -1393.654300 -1426.513100 -1459.990200 -1493.197100 -1524.641300 -1558.284900 -1588.004900 -1610.381800 -1631.171500 -1650.944800 -1670.799700 -1698.410400 -1735.687300 -1772.466000 -1804.706600 -1835.211400 -1861.307800 -1876.764000 -1895.348800 -1905.917600 -1902.510300 -1868.999500 -1827.205600 -1755.130700 -1626.830500 -1431.191200 -1162.938800 -842.237900 -451.945200 -21.423300 77.501200 131.992700 130.756200 188.152100 286.899400 345.458600 357.484000 339.954800 352.939100 393.732500 325.133500 213.998300 177.801400 345.551700 579.718600 697.229500 709.213000 682.026600 708.124200 719.400600 667.369900 642.103400 609.020700 580.536500 672.823800 690.938200 663.543700 612.860500 532.747700 481.054600 449.599800 405.217600 345.360900 
-1999.926800 -1999.215400 -1999.206600 -1999.379500 -1999.892300 -2000.359400 -2002.028700 -2002.081100 -2001.908200 -2002.147800 -2002.354000 -2002.455500 -2002.009200 -2001.299900 -2000.920700 -2000.601800 -2000.710400 -1999.930400 -2001.006800 -2000.782400 -2000.252300 -2000.456300 -2001.261100 -2001.472300 -2000.903500 -2001.712100 -2001.155400 -2001.230400 -2001.232200 -2001.151500 -2001.479100 -2001.369300 -2001.460700 -2001.313900 -2001.739800 -2001.593200 -2001.431400 -2001.459500 -2001.282500 -2000.982200 -2000.905200 -1999.954700 -2000.242200 -2000.873400 -2001.241900 -2001.844300 -2002.337200 -2006.025700 -2006.395100 -2008.063500 -2006.178200 -2003.461000 -2002.043100 -2001.601400 -2001.195500 -2000.788200 -2000.619000 -1993.120800 -1992.767900 -2044.714400 -1830.711400 -869.738300 67.745400 452.735700 496.142500 398.503700 279.234300 108.441300 -0.839800 -113.085000 -210.011900 -281.841500 -346.361600 -409.921300 -474.231600 -537.978400 -599.766800 -660.126800 -718.391400 -778.292600 -840.304800 -902.880200 -962.779000 -1015.731300 -1065.194900 -1112.741300 -1160.014100 -1202.602800 -1239.236100 -1274.451400 -1308.160500 -1340.892300 -1373.822400 -1407.171800 -1439.137400 -1471.855400 -1504.591700 -1537.687100 -1569.237200 -1597.917100 -1622.837900 -1644.398400 -1665.447300 -1688.658100 -1717.906200 -1751.133400 -1783.637000 -1812.376800 -1838.138200 -1857.958200 -1872.090300 -1883.625200 -1890.431900 -1884.809800 -1860.465100 -1823.169200 -1752.831000 -1630.652200 -1474.049300 -1207.493100 -926.767700 -676.234100 -280.226500 -17.743100 52.015100 65.439700 135.993900 185.156600 177.164000 126.186400 130.351300 124.251800 136.523100 184.616600 260.166000 356.952800 422.121900 617.047900 735.098200 763.457300 716.678000 743.315300 791.438900 771.695100 702.160400 660.377400 587.652500 636.444000 732.713700 744.277900 741.811400 687.358000 623.739400 534.986400 464.041200 424.398600 
-1999.534800 -2000.324200 -2000.379300 -1999.831100 -2000.215500 -2001.369400 -2003.340900 -2003.378900 -2002.964100 -2003.166800 -2003.138400 -2003.038900 -2003.040300 -2002.961700 -2002.328100 -2001.580400 -2000.396800 -2001.112300 -2000.237000 -2000.640600 -2002.205100 -2003.096800 -2004.115400 -2004.607800 -2005.074300 -2006.463300 -2006.217800 -2006.211900 -2006.616500 -2006.692700 -2007.130000 -2007.428200 -2008.656500 -2008.416300 -2008.556000 -2009.205500 -2008.799100 -2008.220200 -2008.043600 -2006.490900 -2004.049600 -2001.477800 -2002.319600 -2005.262900 -2008.016500 -2010.189100 -2020.653700 -2025.275400 -2026.369000 -2026.879400 -2026.123400 -2020.340100 -2010.463200 -2008.429600 -2005.746200 -2002.610600 -2000.615600 -1998.774200 -1988.859100 -2067.608400 -1958.169800 -1067.046900 -16.526100 445.322500 551.236300 506.238400 394.841900 208.474300 -1.212900 -168.026300 -237.994500 -311.296300 -380.531400 -444.611200 -509.111100 -572.888600 -634.088600 -694.460400 -754.581100 -814.247600 -874.697600 -934.195100 -989.955800 -1042.008700 -1090.575800 -1136.948700 -1179.763400 -1219.069800 -1256.179900 -1292.548500 -1327.095600 -1360.327700 -1392.952200 -1426.115700 -1458.599100 -1490.874700 -1522.952100 -1554.863500 -1585.536700 -1615.027700 -1642.450700 -1667.729900 -1692.248600 -1719.487000 -1746.545300 -1774.531700 -1801.327300 -1825.455800 -1845.734900 -1861.760600 -1873.497400 -1879.590200 -1879.185200 -1866.915400 -1836.535400 -1796.000400 -1725.520800 -1610.582300 -1415.506600 -1210.562400 -949.421700 -773.439600 -468.359800 -182.246200 -54.428000 45.367500 96.434200 138.261600 81.336900 170.586200 242.787200 317.237700 402.494400 427.708400 529.262900 562.058700 630.507600 714.781200 813.337500 795.536000 784.143200 801.080300 835.084000 859.003100 804.390500 706.894600 615.643700 604.981300 656.860700 750.667500 822.679200 828.172800 754.280400 642.933300 534.639200 461.783500 
-2002.133100 -2002.394800 -2002.773200 -2003.782100 -2003.868700 -2005.723700 -2012.084600 -2013.265600 -2013.625200 -2013.759200 -2013.598900 -2012.951400 -2011.742100 -2010.093700 -2008.464600 -2005.934200 -2003.481200 -2000.761700 -2000.415200 -2003.636800 -2006.569400 -2009.211900 -2011.035800 -2013.246800 -2015.549300 -2016.061400 -2016.418800 -2017.422900 -2018.084400 -2018.170600 -2018.351600 -2020.034500 -2020.656000 -2021.420700 -2021.599600 -2022.006200 -2021.601700 -2021.307500 -2019.901800 -2015.386200 -2009.820500 -2002.901000 -2003.867200 -2010.190700 -2018.709100 -2034.943900 -2040.939200 -2045.351000 -2048.837000 -2049.603700 -2048.003100 -2040.657000 -2033.468900 -2026.799300 -2013.341800 -2005.556200 -2000.520600 -2000.417000 -1995.684500 -2063.656000 -2032.075100 -1198.445600 -91.471900 438.405400 587.226800 558.635800 472.469000 236.697700 -107.848700 -219.813900 -285.095700 -354.991000 -422.404700 -486.510800 -551.333600 -612.573700 -673.741100 -734.598300 -796.271900 -852.088200 -911.064800 -967.914000 -1021.433600 -1071.105800 -1117.577900 -1161.372800 -1202.084800 -1239.243100 -1274.613200 -1308.740300 -1344.671100 -1380.111300 -1413.852300 -1448.053800 -1481.187400 -1512.266800 -1544.253100 -1575.008300 -1604.605500 -1634.426500 -1662.749300 -1695.359100 -1723.540400 -1751.618600 -1773.747800 -1799.779400 -1823.425200 -1842.919800 -1858.504400 -1869.543000 -1873.532100 -1875.256100 -1868.650500 -1850.315100 -1815.703900 -1766.137100 -1684.111400 -1559.067800 -1419.146400 -1229.349300 -1008.343100 -896.659200 -642.486400 -377.017800 -209.807800 -75.777100 33.097000 63.307500 60.254400 154.778400 268.675400 328.067300 402.443500 495.366600 591.715800 685.002100 725.284000 767.583200 822.039300 833.348800 864.496900 855.270500 884.473000 908.190400 871.296900 764.403000 676.422800 631.551500 627.793300 711.610800 788.776100 837.709300 806.497500 717.600800 607.503500 530.722300 
-2004.922200 -2005.575600 -2006.284900 -2007.287300 -2007.892800 -2011.439400 -2022.692100 -2023.290200 -2023.375200 -2023.355500 -2023.158900 -2021.750500 -2019.034000 -2016.743100 -2013.465900 -2009.362900 -2004.888700 -2001.072200 -2000.377800 -2005.275200 -2008.994400 -2013.321900 -2017.060300 -2019.354700 -2022.835400 -2024.625600 -2025.339900 -2026.620100 -2026.761600 -2033.419300 -2030.485600 -2028.798000 -2029.744700 -2030.877300 -2031.735100 -2032.159100 -2032.299200 -2030.512900 -2027.372800 -2021.528100 -2013.769900 -2004.687500 -2004.798600 -2016.417200 -2032.527300 -2044.083000 -2051.884500 -2056.507500 -2058.953000 -2059.377800 -2058.655800 -2054.886900 -2043.153800 -2034.637900 -2025.374200 -2012.030000 -2001.705000 -2000.054800 -2006.164800 -2060.250900 -2023.256700 -1330.772100 -241.920000 382.722900 560.798300 523.281800 378.144600 181.863700 30.387900 -78.447100 -292.661200 -398.383100 -464.614300 -529.134300 -590.239300 -651.971600 -716.971900 -784.435800 -841.807100 -889.496900 -945.927500 -1002.597500 -1053.935900 -1101.494200 -1146.502700 -1189.094900 -1225.140100 -1261.284900 -1295.149100 -1326.842300 -1361.054900 -1398.055700 -1434.259700 -1469.529300 -1502.773000 -1534.799900 -1565.372900 -1594.267500 -1622.576100 -1651.375900 -1691.715300 -1724.348000 -1753.535100 -1779.832200 -1806.757100 -1821.580800 -1842.690000 -1858.643700 -1869.841900 -1875.787200 -1874.381900 -1868.394900 -1855.068300 -1831.575200 -1789.555900 -1733.774700 -1648.814500 -1550.213600 -1419.490000 -1268.598400 -1104.490100 -1016.692800 -815.333400 -578.212600 -402.026500 -260.093500 -129.357100 -23.704100 56.083200 100.142800 177.285100 240.091700 268.656000 364.556600 460.614400 511.180200 540.037500 565.067200 673.699600 846.768600 946.822100 939.442800 988.686500 957.865500 927.966100 807.069000 731.484300 703.389700 677.699900 686.893600 793.269100 814.005800 784.550400 740.546200 683.241700 593.027200 
-2006.609500 -2007.350600 -2007.920700 -2008.838100 -2010.099900 -2014.974500 -2028.328800 -2028.951100 -2029.403400 -2029.165700 -2027.866600 -2025.642300 -2022.670900 -2019.417900 -2015.496600 -2011.129500 -2006.043400 -2002.444900 -2001.140100 -2005.621500 -2010.280200 -2015.239400 -2019.109600 -2022.249900 -2025.038000 -2027.586700 -2029.866900 -2030.482600 -2044.478300 -2047.335500 -2047.719000 -2044.466000 -2040.510700 -2034.346700 -2035.415100 -2036.008100 -2035.763400 -2034.461000 -2031.282700 -2024.122700 -2015.196800 -2004.595100 -2006.067800 -2019.095200 -2033.985200 -2044.434100 -2051.212200 -2055.344800 -2057.536600 -2058.167500 -2057.425200 -2054.698300 -2049.233600 -2035.813600 -2025.832600 -2014.103100 -2002.982700 -2000.146000 -2005.098900 -2051.304100 -2082.280600 -1490.096900 -336.973600 356.148200 506.961100 452.049400 270.049100 106.813800 -20.870900 -136.730600 -254.894100 -406.456400 -495.139600 -560.933600 -626.820900 -690.993400 -756.275000 -817.642600 -875.440500 -925.217200 -979.686200 -1033.654400 -1084.060200 -1132.022300 -1175.700500 -1215.177600 -1251.353200 -1286.134600 -1316.946800 -1345.269900 -1378.410400 -1416.660600 -1454.708100 -1490.589100 -1524.097600 -1554.875500 -1583.327200 -1611.822700 -1638.098300 -1674.507700 -1703.923300 -1735.210100 -1765.907500 -1796.419200 -1824.427800 -1846.493200 -1859.704200 -1873.947400 -1882.419600 -1884.037100 -1877.107800 -1861.901100 -1843.528800 -1813.472400 -1774.610100 -1720.044100 -1644.696900 -1567.998100 -1468.822500 -1347.754500 -1221.474300 -1145.056200 -969.543700 -779.687900 -627.729400 -475.864200 -334.076200 -198.737700 -74.031700 -1.249400 70.379400 129.659100 226.933900 280.616300 276.970000 292.227600 375.108100 439.172300 632.163100 750.111400 940.160200 999.769300 1042.092100 1025.592500 931.318000 840.799200 789.406300 748.623500 706.005900 702.451200 717.874400 764.484800 788.714600 734.839600 718.318000 642.566900 
-2006.713600 -2007.536100 -2008.118600 -2008.704200 -2009.839400 -2014.160400 -2029.136300 -2029.632200 -2029.887400 -2028.809300 -2027.033100 -2024.605000 -2021.519100 -2018.518600 -2014.851700 -2010.148500 -2006.045100 -2001.701700 -2001.208800 -2005.459400 -2008.978000 -2013.087600 -2018.151900 -2020.195700 -2023.207200 -2025.597100 -2027.503700 -2039.483500 -2041.087100 -2041.936500 -2042.199200 -2042.571200 -2042.870400 -2039.084700 -2033.527500 -2033.277900 -2032.108900 -2029.565400 -2025.803300 -2020.238500 -2012.238400 -2003.232000 -2004.415000 -2013.989200 -2024.604200 -2032.954100 -2038.271300 -2041.980800 -2044.817800 -2046.363200 -2045.537500 -2042.620000 -2034.930300 -2027.465300 -2021.080300 -2011.762300 -2003.565600 -2001.150100 -1995.152900 -2028.200600 -2090.167200 -1647.908000 -506.456500 246.781700 377.953900 294.793900 128.125300 -6.004600 -134.579000 -229.593300 -323.837000 -422.873000 -527.600200 -594.273200 -656.958300 -718.877600 -779.639400 -844.938700 -904.189100 -959.733700 -1008.646200 -1060.765900 -1113.182900 -1163.907200 -1204.875000 -1242.183800 -1276.738100 -1306.470400 -1333.871500 -1363.466800 -1395.451800 -1435.354100 -1473.752900 -1510.890600 -1544.768200 -1576.343300 -1603.069600 -1627.836300 -1651.919700 -1676.214100 -1703.571900 -1735.646300 -1769.606700 -1801.727300 -1830.584600 -1855.086600 -1874.952400 -1888.662800 -1898.118300 -1898.600800 -1885.608900 -1863.334500 -1830.498500 -1793.364800 -1751.421800 -1700.820500 -1648.325200 -1589.503100 -1512.321400 -1423.055900 -1327.590400 -1242.866300 -1125.871900 -974.898100 -842.019600 -705.612800 -557.781200 -414.750900 -276.512700 -156.236800 -47.854100 46.386500 108.395600 130.368400 183.304800 288.151900 342.286200 408.368200 518.982800 656.171700 805.033600 948.814300 993.928900 1011.372900 914.394900 866.247700 818.284600 785.076000 764.581800 763.456900 716.477600 711.759500 752.960800 748.475500 701.389200 668.299600 
-2005.343300 -2005.842900 -2006.010200 -2006.529400 -2006.752200 -2011.504600 -2031.929900 -2031.406200 -2030.755400 -2029.407600 -2027.257400 -2024.825100 -2021.822900 -2018.587100 -2014.070000 -2009.851700 -2005.901700 -2001.705400 -2000.626400 -2004.240200 -2008.753500 -2012.007400 -2016.086700 -2019.497500 -2020.765700 -2022.825800 -2024.015200 -2025.684700 -2026.579300 -2027.284900 -2027.588000 -2027.698800 -2027.759800 -2027.154100 -2027.008800 -2024.903000 -2023.510900 -2021.151800 -2017.914200 -2013.829700 -2008.764200 -2002.532500 -2002.244800 -2006.757000 -2011.350700 -2015.730800 -2019.433700 -2022.173700 -2023.770300 -2023.923200 -2023.520000 -2020.060400 -2018.056700 -2014.763600 -2011.396500 -2006.929800 -2002.319400 -1999.320000 -1994.919900 -2005.854900 -2093.538200 -1835.264700 -848.865300 45.943100 198.535700 70.172000 -41.055600 -161.075900 -248.492500 -322.312500 -390.059900 -469.919900 -555.316500 -616.205000 -675.961600 -736.790200 -798.410600 -860.915300 -921.680600 -978.539400 -1030.210400 -1080.459200 -1130.803600 -1178.405700 -1219.257900 -1253.709300 -1286.827200 -1318.020300 -1349.626600 -1379.873300 -1412.534800 -1449.425600 -1484.959600 -1518.231200 -1551.446900 -1582.160800 -1606.719300 -1627.234500 -1647.730000 -1667.997300 -1690.154500 -1726.879000 -1765.249500 -1798.462800 -1827.553700 -1854.057700 -1872.404900 -1886.745000 -1897.739600 -1903.017100 -1888.846100 -1852.264900 -1812.576200 -1773.267000 -1733.733200 -1692.724200 -1650.670200 -1609.244600 -1556.287600 -1482.214900 -1399.997700 -1319.835600 -1233.957900 -1145.268900 -1030.291200 -888.624000 -745.113400 -598.802900 -448.511500 -305.723700 -161.731000 -36.244400 48.266800 149.550900 303.063400 399.739200 539.807200 643.558900 734.134000 736.585200 772.833000 762.888000 774.620000 948.552200 933.623900 873.980800 850.720100 828.953500 801.048500 778.363100 736.115600 715.633400 725.826200 787.270900 763.748100 686.771400 
-2002.041100 -2002.123700 -2001.867000 -2002.034300 -2002.517400 -2003.438900 -2014.620400 -2014.035000 -2012.673500 -2011.842900 -2010.948800 -2009.650000 -2008.486800 -2006.857800 -2004.556500 -2004.077100 -2001.978300 -2000.997200 -2000.872700 -2001.067100 -2002.421100 -2004.108700 -2004.593800 -2005.384500 -2006.220700 -2006.701600 -2006.159800 -2007.252500 -2006.986200 -2007.093900 -2006.735900 -2006.346100 -2006.254700 -2006.269600 -2005.525400 -2004.633600 -2003.880800 -2003.146500 -2003.118600 -2002.369000 -2001.230900 -1999.885200 -2000.221800 -2001.278100 -2001.300200 -2001.926000 -2003.110900 -2004.018500 -2004.556800 -2004.730200 -2004.322600 -2004.249800 -2002.378600 -2001.622000 -2002.197000 -2001.372300 -2000.720400 -1999.797700 -1997.921600 -1988.519800 -2025.216100 -2090.863000 -1245.824600 -188.306300 101.573200 38.375900 -106.042400 -214.591500 -279.417300 -351.405100 -420.706800 -488.524600 -553.834400 -614.961300 -675.939000 -734.219100 -795.852700 -859.760500 -923.168800 -979.517500 -1029.849700 -1078.199700 -1126.609900 -1171.796300 -1210.183100 -1244.997900 -1277.907500 -1309.189600 -1339.780300 -1368.792500 -1401.332900 -1437.206100 -1472.496300 -1506.517300 -1537.620600 -1569.121700 -1595.015400 -1616.961800 -1638.698000 -1658.609900 -1683.847100 -1717.606700 -1754.089100 -1786.830300 -1816.245200 -1840.594600 -1857.794500 -1871.072000 -1879.283700 -1881.736700 -1865.436600 -1835.843300 -1801.030200 -1765.043300 -1728.304700 -1688.927800 -1652.772700 -1622.014700 -1584.209900 -1528.193500 -1460.515700 -1387.226900 -1301.083900 -1222.693000 -1135.476400 -1008.906900 -873.034800 -729.528400 -579.598100 -432.069000 -284.809900 -150.277100 -40.979300 56.776300 183.314900 365.091200 516.811000 631.351800 635.977500 543.971000 566.651100 580.844400 750.817300 952.221800 960.018800 896.763900 857.835600 842.978800 828.739700 798.599400 748.111300 697.680400 693.211200 731.259300 763.037900 695.085400 
-2000.433800 -2000.870500 -2001.039600 -2000.878300 -2001.304800 -2001.931000 -2004.177300 -2004.030400 -2004.095800 -2003.993000 -2003.428700 -2002.945600 -2002.529000 -2001.998800 -2001.510000 -2001.138700 -2000.792100 -2000.513400 -2000.695800 -2000.840800 -2001.271400 -2002.096300 -2002.759400 -2002.874800 -2003.703900 -2004.482600 -2005.114200 -2005.730400 -2006.611300 -2006.700100 -2006.725400 -2007.047700 -2007.738200 -2007.768900 -2007.546200 -2007.549900 -2006.949700 -2006.501900 -2006.820900 -2005.101800 -2003.368500 -2000.861200 -2000.491000 -2002.880900 -2004.871300 -2007.389200 -2012.694400 -2015.900600 -2013.523600 -2013.611000 -2013.904200 -2013.941300 -2011.567000 -2007.722100 -2007.702200 -2005.911800 -2003.966900 -2002.006500 -2000.672000 -1999.734500 -2018.020000 -2080.993300 -1739.544200 -659.701900 91.235900 125.496200 -31.134200 -141.371800 -219.750700 -296.983100 -377.104900 -447.040400 -513.037400 -577.520500 -641.236500 -704.720900 -767.664000 -828.718800 -886.511900 -943.846200 -996.354800 -1046.253500 -1092.911000 -1136.459000 -1176.343600 -1213.097300 -1244.655000 -1276.338500 -1302.117100 -1329.559900 -1361.976800 -1401.161400 -1439.967300 -1477.537900 -1512.685800 -1544.910600 -1573.962900 -1600.040800 -1624.751700 -1650.146800 -1678.296000 -1708.854700 -1741.407600 -1772.462400 -1799.066600 -1820.729200 -1836.687900 -1847.087000 -1852.460500 -1849.779300 -1837.751000 -1817.128300 -1790.432700 -1759.064000 -1725.120600 -1690.556900 -1658.086700 -1644.932600 -1613.436100 -1568.864300 -1505.562600 -1442.459300 -1371.331200 -1288.062000 -1201.843200 -1090.792900 -969.491700 -834.290800 -689.848200 -548.083600 -401.327500 -259.251300 -134.753000 -17.086200 84.731100 197.005800 309.117200 420.339500 512.802800 429.891500 459.846700 594.007000 790.227500 940.177400 947.043700 907.238500 875.229700 838.878500 821.636100 775.766200 739.156000 717.625400 688.952500 666.932600 712.473100 677.673500 
-2002.712800 -2003.495400 -2005.273200 -2006.052700 -2006.662400 -2007.656600 -2013.533100 -2014.970700 -2014.461300 -2013.913300 -2013.505900 -2012.861400 -2012.032000 -2010.748600 -2009.385400 -2007.377200 -2004.811700 -2001.696700 -2000.932000 -2003.530900 -2006.580800 -2009.323100 -2011.786100 -2013.688300 -2015.269100 -2017.490300 -2019.283200 -2020.469100 -2021.855000 -2021.990200 -2022.443100 -2022.688200 -2022.961700 -2023.214800 -2023.163600 -2022.608400 -2021.778800 -2020.374100 -2018.608100 -2015.489000 -2010.035000 -2003.768800 -2002.830600 -2007.974800 -2014.256700 -2019.354400 -2034.142000 -2042.161100 -2044.109600 -2044.438700 -2034.807100 -2033.547200 -2041.876900 -2038.297100 -2020.903900 -2015.535200 -2010.619000 -2005.797300 -2001.247200 -1998.033900 -1980.864700 -2065.150100 -2013.502700 -1098.324100 -92.884500 94.941900 7.413100 -69.634800 -128.167100 -214.439700 -316.281700 -397.113100 -463.962200 -531.234600 -593.979400 -658.864200 -718.817500 -771.584800 -830.837500 -895.060400 -949.891800 -1000.996000 -1048.853800 -1092.739100 -1133.160200 -1170.684700 -1204.991600 -1235.232200 -1263.086400 -1290.165200 -1323.377000 -1362.214700 -1403.181300 -1442.874100 -1480.496500 -1515.602100 -1547.885800 -1577.834200 -1606.828000 -1634.859900 -1664.209600 -1706.653100 -1736.526700 -1751.667900 -1776.689700 -1796.544700 -1809.945500 -1819.212800 -1823.886700 -1821.540800 -1812.244100 -1796.472800 -1775.550300 -1750.256500 -1723.592400 -1693.535000 -1671.906600 -1655.862000 -1637.253900 -1595.882600 -1547.414300 -1495.348600 -1431.892400 -1356.825100 -1267.186400 -1182.558500 -1055.549200 -925.542000 -797.785900 -660.380400 -520.221100 -375.179100 -236.963500 -111.428900 -13.824500 83.236300 203.918800 317.525100 357.747700 276.944900 428.382900 592.096800 786.876200 905.341700 947.519000 912.648600 886.254700 837.172000 791.562800 760.555500 728.093400 701.024100 676.758200 650.306300 614.701400 640.923500 
-2008.243200 -2010.540900 -2012.389000 -2013.942100 -2015.022600 -2016.749400 -2028.336900 -2028.947700 -2029.073600 -2028.649900 -2027.626300 -2026.120000 -2024.207100 -2021.684800 -2018.482000 -2014.356400 -2009.002400 -2003.377500 -2002.222600 -2006.470500 -2012.539000 -2017.765400 -2022.308600 -2025.602500 -2028.555000 -2031.506600 -2034.187900 -2035.902400 -2038.230800 -2063.965500 -2064.514900 -2039.161100 -2039.323100 -2038.843000 -2038.198000 -2037.656300 -2036.834100 -2035.046200 -2031.053300 -2025.153200 -2017.354600 -2006.698800 -2004.779300 -2012.642200 -2023.040400 -2044.699000 -2056.148400 -2063.962200 -2069.076700 -2072.249700 -2071.391500 -2065.929600 -2061.237000 -2056.539100 -2049.025600 -2032.657900 -2018.021300 -2012.080100 -2003.742300 -1999.854300 -1999.543200 -2049.524600 -2111.932700 -1581.528200 -423.454600 50.859100 24.473200 -23.942300 -69.804200 -153.184700 -244.462400 -337.867700 -411.058700 -478.061700 -540.816500 -599.164900 -647.064800 -710.050200 -771.072800 -831.005900 -895.221600 -950.039800 -997.815100 -1043.251900 -1086.387600 -1125.021300 -1158.526900 -1190.818700 -1219.979600 -1250.184000 -1285.312100 -1326.672800 -1368.363800 -1409.063400 -1448.709900 -1486.009000 -1520.389400 -1552.460700 -1583.209300 -1617.559900 -1654.647000 -1685.522400 -1714.330700 -1740.697200 -1756.706800 -1776.099100 -1790.742100 -1799.973800 -1803.650700 -1801.724600 -1794.344300 -1780.606300 -1763.261600 -1742.800400 -1720.830000 -1701.491000 -1693.019100 -1682.253200 -1662.040000 -1636.476900 -1595.709500 -1546.181700 -1488.076400 -1421.391200 -1339.071500 -1199.763400 -1149.726500 -1029.880600 -904.962000 -761.395500 -627.850400 -490.772900 -353.076200 -222.639900 -113.470600 -7.481700 117.783400 183.869000 188.747200 310.775000 502.675700 632.400800 630.660900 739.667900 935.273400 923.624900 867.657800 812.592200 779.171100 749.317200 718.691900 680.810300 665.394400 639.420200 570.043200 571.268500 
-2012.391800 -2015.196100 -2017.755100 -2019.662500 -2022.123400 -2023.965900 -2040.809500 -2041.675100 -2042.856400 -2041.890700 -2040.376000 -2038.335900 -2035.665100 -2031.842100 -2027.046500 -2019.843100 -2012.582300 -2004.950200 -2003.532000 -2007.817700 -2017.065400 -2025.373700 -2032.912900 -2039.512100 -2045.112400 -2050.479100 -2054.868400 -2058.427500 -2075.774300 -2077.576600 -2079.175800 -2080.021800 -2063.355800 -2053.050400 -2052.232900 -2050.108300 -2047.768700 -2045.389200 -2041.312700 -2034.427400 -2023.662300 -2010.901300 -2007.849600 -2022.168800 -2042.578100 -2057.381000 -2068.474300 -2076.699700 -2083.045200 -2087.534000 -2090.096400 -2090.316100 -2077.995900 -2068.389500 -2061.130100 -2051.887700 -2036.660500 -2017.997800 -2007.624100 -2000.433100 -1992.888600 -1998.418700 -2106.872500 -1857.454700 -862.942600 -53.745600 59.851000 83.502800 41.973000 -64.483800 -157.581900 -261.449900 -338.320800 -405.022400 -469.215800 -525.132800 -586.167800 -648.404700 -710.392800 -769.474300 -827.939900 -889.760700 -942.298600 -989.471400 -1033.189600 -1074.224300 -1110.892100 -1145.226000 -1177.534200 -1210.990800 -1247.201400 -1291.519600 -1335.631700 -1378.438100 -1419.164100 -1459.096600 -1496.247200 -1531.147100 -1564.963000 -1598.060100 -1630.663300 -1659.873500 -1687.352600 -1712.689100 -1734.751600 -1753.718300 -1768.865600 -1779.112500 -1782.877800 -1781.617900 -1773.917400 -1763.238800 -1749.952700 -1734.803900 -1719.152800 -1706.267800 -1704.233100 -1698.317100 -1686.500900 -1668.462400 -1644.493900 -1607.309300 -1548.855300 -1485.228500 -1400.555700 -1269.855500 -1230.108800 -1140.436000 -1028.642400 -903.391600 -768.372900 -626.499800 -489.140300 -353.394800 -235.322100 -119.544100 -10.457200 96.705200 231.489300 323.668200 405.805900 478.992800 589.830000 852.922000 912.521800 889.626900 869.318700 812.377600 791.673200 736.481300 720.829100 686.819400 657.144600 614.292900 567.619800 554.023700 
-2015.415400 -2017.376200 -2021.177300 -2023.750500 -2026.036900 -2028.223300 -2058.614300 -2059.859700 -2060.818800 -2060.937300 -2060.026500 -2057.138400 -2052.324100 -2045.479900 -2037.359000 -2026.962800 -2016.501500 -2006.279000 -2002.960500 -2011.243400 -2023.989000 -2035.549700 -2047.142300 -2057.331900 -2065.775900 -2071.859300 -2077.554100 -2080.774500 -2083.034300 -2084.643900 -2086.552600 -2087.417400 -2087.869900 -2085.145400 -2083.987800 -2081.832300 -2078.829900 -2073.161800 -2064.012100 -2052.497900 -2037.285300 -2017.390000 -2011.074900 -2027.396300 -2046.077500 -2060.576200 -2073.123800 -2083.003100 -2089.965100 -2094.216500 -2096.255000 -2096.052700 -2093.133300 -2079.107300 -2069.715800 -2054.222400 -2042.394300 -2023.073400 -2011.803800 -2002.172800 -1999.957200 -2002.619000 -2053.117800 -2095.973500 -1351.758800 -236.447900 74.907500 187.547500 248.391800 29.466500 -80.911200 -202.428500 -287.174000 -346.558100 -411.426000 -470.955500 -523.701900 -585.107500 -646.839600 -707.216000 -767.012600 -823.623500 -881.750500 -932.609200 -978.844100 -1020.929400 -1060.223400 -1096.682400 -1132.975900 -1168.824100 -1209.185800 -1255.482300 -1302.027700 -1346.850000 -1389.940800 -1430.956800 -1468.997700 -1505.154800 -1539.899900 -1572.493100 -1602.013100 -1630.492300 -1656.679000 -1680.940300 -1701.707800 -1719.971100 -1736.393400 -1746.647400 -1751.754900 -1750.962500 -1747.629000 -1741.849400 -1733.316200 -1724.075000 -1716.971500 -1714.019100 -1708.369500 -1712.672500 -1714.283100 -1701.114900 -1681.048400 -1655.544400 -1617.097600 -1532.095500 -1448.819600 -1369.834000 -1286.996600 -1222.482200 -1148.635600 -1040.219500 -914.570300 -785.897600 -647.201400 -509.865700 -384.183500 -266.118400 -145.936400 -32.583300 89.419200 217.825300 319.566300 506.546100 621.892100 758.371800 870.133300 857.443800 834.172300 812.271200 760.683100 712.061000 695.240900 674.653700 635.880800 609.702100 590.774900 573.365700 
-2016.603200 -2018.584300 -2022.167700 -2025.287400 -2027.670300 -2029.734900 -2078.212700 -2079.370600 -2079.273900 -2078.491200 -2076.539400 -2073.075600 -2066.720000 -2056.731100 -2044.921100 -2033.041700 -2020.236800 -2008.712900 -2004.576200 -2012.471700 -2024.587700 -2036.618900 -2048.393000 -2059.217600 -2068.275500 -2073.949500 -2078.691500 -2082.187300 -2084.172400 -2086.499700 -2087.112900 -2088.244800 -2088.901300 -2088.225900 -2086.540900 -2083.646500 -2079.883600 -2073.568000 -2064.488100 -2052.920700 -2037.560000 -2017.881000 -2009.941300 -2026.793500 -2044.801900 -2060.028600 -2072.100000 -2081.293000 -2088.172900 -2092.427500 -2093.820000 -2093.035800 -2090.519700 -2082.987500 -2071.016200 -2058.468800 -2046.884500 -2028.438900 -2015.726100 -2005.324500 -1999.793800 -1998.849600 -2025.514400 -2107.256700 -1748.627200 -674.931400 112.289500 390.260400 479.826300 303.061300 70.062400 -120.370100 -231.319400 -292.047600 -352.387300 -412.490400 -463.008200 -520.499700 -582.032700 -643.087600 -703.955200 -761.752100 -817.112700 -872.052000 -920.884300 -967.267800 -1009.144600 -1048.079200 -1087.637100 -1128.276500 -1172.105800 -1220.031200 -1269.585200 -1316.726900 -1362.302400 -1404.155600 -1442.777200 -1478.886600 -1511.897300 -1542.850900 -1571.530700 -1598.620500 -1623.746700 -1646.509300 -1666.993500 -1684.490400 -1698.957300 -1710.874600 -1717.659100 -1721.239700 -1720.977900 -1720.172800 -1717.000000 -1713.798500 -1712.851700 -1714.890700 -1718.577800 -1723.126900 -1729.683600 -1730.324300 -1716.685700 -1700.048800 -1639.435500 -1595.826600 -1537.076600 -1476.919300 -1406.331300 -1320.993200 -1274.635600 -1168.777500 -1081.936400 -949.228300 -814.103100 -677.516700 -554.690700 -436.071100 -310.744600 -186.412800 -29.977100 155.468800 326.083500 375.047500 474.925000 727.473200 825.652200 802.518700 762.175200 729.997900 678.371500 649.209700 630.488900 635.947500 618.490100 596.084200 580.623300 605.188500 
-2016.286600 -2018.157000 -2021.685200 -2024.513500 -2026.740500 -2028.555800 -2074.561600 -2076.985400 -2076.791300 -2076.036200 -2073.943800 -2069.776800 -2063.046500 -2054.267200 -2043.586200 -2031.174200 -2019.062700 -2008.239300 -2003.276800 -2010.100500 -2022.669300 -2033.835400 -2045.193400 -2054.798100 -2062.560600 -2069.411700 -2074.364100 -2077.600000 -2079.778200 -2081.314700 -2082.230600 -2083.929100 -2082.673700 -2082.080600 -2081.150800 -2078.806300 -2073.754900 -2068.444700 -2061.474200 -2050.604200 -2035.269100 -2016.786200 -2008.425900 -2021.948000 -2040.361500 -2055.747800 -2066.919000 -2073.991400 -2078.860100 -2082.534100 -2083.706800 -2082.742700 -2080.084600 -2076.373800 -2065.784700 -2055.360300 -2046.240100 -2029.918800 -2020.277500 -2009.959300 -2000.854500 -1999.256900 -1994.335500 -2046.568800 -2081.182500 -1433.105700 -199.809900 451.464400 569.950800 607.679900 445.852600 204.247600 -84.641900 -171.730300 -242.492900 -317.068500 -383.544600 -438.561400 -504.845100 -570.544900 -638.922500 -691.828500 -754.199600 -808.548800 -860.911600 -910.990400 -958.633400 -999.863700 -1042.530700 -1086.149100 -1133.831500 -1185.280300 -1235.733000 -1285.834500 -1333.258500 -1378.124900 -1418.438500 -1454.042700 -1485.122700 -1513.276800 -1539.776000 -1564.896200 -1589.180000 -1610.138700 -1629.852400 -1646.657600 -1660.379300 -1672.352000 -1682.672100 -1690.362700 -1696.507400 -1700.298800 -1703.097700 -1705.658900 -1711.123600 -1719.739500 -1728.620100 -1737.942400 -1749.868400 -1754.122800 -1743.677100 -1719.284500 -1691.806300 -1666.812300 -1628.363200 -1583.032600 -1526.867900 -1462.876500 -1405.124100 -1313.403900 -1212.833000 -1095.788800 -967.670300 -834.762200 -710.944200 -588.370800 -465.882900 -334.685800 -167.146500 34.913000 233.755200 403.835300 571.020400 739.432200 783.162500 765.542500 706.882000 652.612900 625.380300 616.450200 604.378600 590.687200 599.757200 597.864600 619.888000 634.343800 
-2014.730700 -2017.307200 -2019.646200 -2021.228700 -2023.071900 -2024.604700 -2065.610800 -2068.732700 -2068.817900 -2067.703600 -2064.834300 -2059.462300 -2053.649600 -2046.191100 -2037.762000 -2027.732800 -2016.922200 -2006.990400 -2003.314700 -2008.656000 -2019.031200 -2029.564900 -2038.575100 -2046.146800 -2051.992400 -2058.023200 -2062.740000 -2066.536000 -2069.105400 -2070.492000 -2071.060100 -2071.180700 -2070.348700 -2069.559900 -2068.719300 -2066.183900 -2063.143900 -2058.798200 -2051.455600 -2040.489000 -2026.929300 -2011.694700 -2005.399400 -2015.702600 -2030.239200 -2042.569000 -2052.341800 -2059.258300 -2063.176900 -2064.816400 -2063.749500 -2064.660600 -2063.383900 -2061.258700 -2058.170100 -2051.524800 -2040.939500 -2027.597300 -2021.297200 -2013.531000 -2006.736100 -2001.017400 -1998.756200 -1994.161600 -2061.610900 -2077.401900 -1335.968000 -177.516000 474.287600 726.200900 699.223700 509.547600 239.398300 32.897100 -66.848900 -154.193300 -235.905800 -304.476800 -385.035800 -470.197200 -553.266100 -634.517500 -691.103000 -746.290500 -799.950500 -853.975300 -904.406700 -949.882000 -996.999500 -1045.141600 -1094.607100 -1149.738800 -1203.672000 -1255.647800 -1306.154400 -1352.775800 -1394.583200 -1429.215000 -1458.622200 -1483.954600 -1507.245900 -1530.570600 -1551.067600 -1571.853600 -1588.718500 -1605.466200 -1621.085400 -1634.592400 -1648.168400 -1660.067600 -1670.491900 -1680.123900 -1688.561100 -1696.800400 -1708.089300 -1720.675300 -1735.339200 -1748.348500 -1764.171800 -1767.598300 -1769.080600 -1758.104200 -1747.982600 -1730.825100 -1710.112600 -1682.822500 -1649.537000 -1602.611200 -1531.191000 -1456.876500 -1349.629900 -1241.190800 -1118.709700 -990.761900 -863.702200 -735.808100 -607.132700 -469.999100 -305.434400 -111.557100 84.774900 282.057500 514.431900 648.036000 660.409900 672.963700 645.834400 619.295400 594.764300 584.472700 578.970100 572.563000 562.257200 558.863800 549.510000 595.211800 
-2012.030700 -2013.669500 -2015.275300 -2016.415700 -2017.675900 -2018.784600 -2051.460500 -2055.748800 -2055.375300 -2052.668800 -2049.677300 -2045.710400 -2040.556900 -2034.626900 -2028.681100 -2021.402900 -2013.723100 -2005.478900 -2001.770600 -2006.712400 -2014.835000 -2021.650200 -2027.754000 -2032.851100 -2037.972100 -2042.386000 -2045.661800 -2048.404200 -2051.341100 -2052.652400 -2052.888700 -2052.838600 -2052.185800 -2050.590700 -2049.908400 -2047.857300 -2044.843400 -2040.523600 -2034.846600 -2027.417600 -2017.625300 -2006.919900 -2003.165500 -2009.631600 -2019.189500 -2028.178300 -2034.183100 -2038.969200 -2041.474000 -2039.249900 -2034.224500 -2033.833800 -2042.893200 -2042.471400 -2041.014700 -2037.296900 -2034.397400 -2023.686500 -2018.770500 -2014.007700 -2009.434400 -2004.083600 -2000.664600 -2000.157000 -1998.620400 -2002.636700 -1962.671300 -1363.612600 -198.667400 439.771300 574.318200 511.097700 322.656000 89.762500 -31.365800 -124.936100 -195.605800 -275.354600 -344.226700 -410.160300 -494.016300 -558.351600 -626.463900 -685.996000 -740.765500 -794.987100 -848.092500 -899.269400 -950.996200 -1003.448100 -1056.687500 -1112.808400 -1169.133600 -1224.296000 -1278.334900 -1328.955700 -1371.716300 -1404.435900 -1429.351800 -1451.703300 -1472.832500 -1492.463200 -1510.904500 -1529.878800 -1547.082900 -1564.399600 -1581.006600 -1597.647000 -1613.284100 -1628.716900 -1643.912400 -1658.567200 -1672.956800 -1686.794500 -1702.685000 -1720.614600 -1738.503600 -1755.312500 -1771.197200 -1784.488800 -1792.410300 -1794.382400 -1791.142100 -1784.133300 -1776.048000 -1768.211000 -1754.430300 -1720.864200 -1661.616500 -1586.164000 -1488.407200 -1366.902800 -1247.941000 -1122.391700 -995.693300 -860.322800 -728.708500 -597.804900 -460.110400 -297.769800 -87.007600 112.708500 344.560300 519.777100 591.650100 582.794100 594.966800 585.294500 565.287400 558.586900 556.107300 543.854400 545.252000 528.467800 537.502100 557.619600 
-2007.778200 -2008.993800 -2009.607400 -2010.128500 -2010.443900 -2011.115200 -2033.233000 -2036.070600 -2034.623600 -2032.694600 -2029.781900 -2026.993600 -2023.654600 -2020.150700 -2016.390500 -2012.299400 -2007.681400 -2002.622900 -2000.647300 -2003.018500 -2007.782500 -2011.596100 -2014.471500 -2017.251200 -2019.950300 -2022.364800 -2024.714600 -2026.470700 -2027.269600 -2028.932400 -2029.772000 -2029.097100 -2027.946600 -2026.892900 -2025.680800 -2024.115500 -2022.391400 -2019.126300 -2017.138600 -2013.416600 -2008.872900 -2004.176300 -2001.807600 -2004.542000 -2009.066900 -2012.350800 -2015.200600 -2017.758600 -2019.013700 -2015.527400 -2014.048300 -2014.684600 -2014.538700 -2017.207100 -2017.273900 -2016.122400 -2014.860700 -2012.442600 -2009.527700 -2006.976800 -2005.464100 -2003.698900 -2001.523500 -2000.127700 -2000.724300 -2002.521700 -1995.166600 -2087.252200 -1246.023600 -116.200500 359.219600 344.058800 199.704200 16.549100 -80.773600 -141.263200 -201.316800 -262.791500 -322.683400 -386.463500 -439.582800 -510.197900 -562.836300 -631.583000 -682.827500 -740.282800 -795.730800 -849.921000 -905.876100 -961.468600 -1017.171600 -1073.180000 -1130.402000 -1187.065100 -1243.018700 -1298.798300 -1346.973900 -1376.955800 -1396.576900 -1415.648800 -1435.432400 -1454.739600 -1473.108800 -1491.073100 -1511.063300 -1529.332600 -1548.444300 -1567.168600 -1585.432600 -1604.405500 -1622.929500 -1641.644000 -1658.912300 -1677.943800 -1696.108800 -1716.061900 -1737.002100 -1754.291000 -1775.531400 -1793.271900 -1808.816400 -1813.579600 -1816.124300 -1815.263900 -1814.512600 -1814.441400 -1813.715700 -1794.471500 -1739.808500 -1666.846900 -1573.375800 -1455.087200 -1336.546000 -1222.269800 -1104.841700 -969.867200 -834.957100 -709.324600 -588.460700 -459.942600 -289.566900 -78.914800 128.301300 363.835200 473.493600 499.832700 488.108900 485.220700 490.326300 485.851300 499.010700 491.359000 491.218300 492.010300 496.172200 488.956100 
-2001.808300 -2002.360500 -2002.331600 -2003.212300 -2003.377500 -2003.201300 -2009.967500 -2012.195200 -2011.097100 -2009.971900 -2008.053200 -2007.379600 -2006.588900 -2004.666600 -2003.777300 -2002.860800 -2001.620300 -2001.068600 -2000.436600 -2000.924500 -2001.645700 -2002.675700 -2002.949200 -2002.773200 -2003.256100 -2004.067600 -2004.685900 -2005.772700 -2006.435500 -2006.638100 -2007.197400 -2007.408200 -2007.813700 -2007.551100 -2007.222300 -2006.819600 -2005.893500 -2004.937400 -2003.721000 -2003.156700 -2001.925700 -2000.582200 -2000.321500 -2000.800100 -2002.250500 -2003.025700 -2004.488500 -2006.153800 -2005.961800 -2005.764200 -2006.123000 -2006.970200 -2006.198100 -2002.518200 -2005.311800 -2006.267900 -2005.884200 -2005.703600 -2002.816300 -2002.650900 -2003.491100 -2002.993400 -2003.286800 -2001.614700 -2000.202500 -1999.546000 -1999.295600 -1988.251800 -1976.177100 -1334.545800 -231.997400 275.345200 225.539600 102.864500 43.051400 -8.739700 -127.968000 -219.859500 -285.298500 -336.789100 -417.634000 -474.082100 -530.569700 -586.487800 -642.135400 -694.644100 -748.662700 -807.597800 -862.356400 -918.005100 -975.256200 -1032.432200 -1090.127700 -1147.981400 -1204.530400 -1259.542700 -1308.152200 -1344.567700 -1370.418100 -1393.562700 -1417.653100 -1441.100800 -1463.186500 -1483.945100 -1504.954700 -1525.174600 -1544.179500 -1563.120200 -1581.556300 -1599.521500 -1616.616100 -1633.925700 -1649.742400 -1665.156800 -1683.258700 -1704.120200 -1726.791400 -1749.387200 -1771.047700 -1791.655700 -1808.970600 -1819.731400 -1826.352500 -1830.163300 -1832.321100 -1828.907700 -1820.313900 -1795.491500 -1750.369500 -1688.940200 -1611.222900 -1513.332200 -1408.738500 -1299.667100 -1182.762000 -1066.723500 -937.427000 -807.949300 -679.061000 -545.107300 -393.785500 -222.564700 -53.272300 146.722800 326.750400 361.835700 350.342200 366.738000 371.009700 382.350300 386.312300 406.786400 430.848000 420.997700 421.104400 421.478400 
-2002.571100 -2002.840000 -2003.230800 -2003.812000 -2003.729000 -2004.172500 -2010.842900 -2013.884000 -2011.814100 -2012.150100 -2011.412600 -2010.453000 -2009.415500 -2007.737200 -2005.922100 -2004.660700 -2001.889900 -2000.148500 -2001.248100 -2000.923800 -2003.404000 -2005.237500 -2008.209700 -2010.360900 -2012.865200 -2015.081200 -2016.587200 -2017.994200 -2020.313100 -2021.982500 -2022.899600 -2023.965600 -2024.073900 -2022.871000 -2023.892600 -2022.312100 -2022.081400 -2019.047300 -2016.881400 -2013.559000 -2009.211600 -2004.079300 -2000.605100 -2004.948500 -2009.611700 -2014.144200 -2019.057600 -2022.320400 -2022.241900 -2021.562900 -2021.825800 -2022.818000 -2023.188000 -2023.018100 -2021.273000 -2021.115600 -2021.193200 -2021.632000 -2021.720400 -2013.724200 -2013.836600 -2014.080300 -2013.329500 -2008.176500 -2004.516000 -2000.565000 -1998.055700 -1997.609600 -2044.331200 -2090.441400 -1359.710700 -167.925700 343.965100 350.831300 380.558900 298.279700 202.161900 -7.145800 -111.380300 -218.795900 -366.473100 -439.333400 -494.603300 -550.537600 -606.348200 -661.668200 -716.615100 -771.141900 -824.722400 -877.093200 -931.056100 -987.877900 -1045.887900 -1103.224600 -1159.429100 -1212.844800 -1262.208200 -1304.245000 -1338.933700 -1368.994700 -1397.799900 -1426.982200 -1453.677300 -1479.569800 -1504.166400 -1526.427500 -1545.762900 -1564.465900 -1581.998400 -1598.292900 -1613.896200 -1628.421100 -1641.593400 -1653.893500 -1668.935300 -1690.578500 -1715.942700 -1740.917900 -1765.481100 -1787.348500 -1804.773100 -1817.481300 -1826.648300 -1835.500100 -1834.782100 -1828.280900 -1812.440700 -1783.441700 -1740.176200 -1681.243400 -1611.031000 -1526.615000 -1447.959600 -1362.306600 -1257.938200 -1147.287600 -1036.811000 -910.168400 -774.587300 -629.581200 -481.789700 -329.442600 -165.436700 -18.701000 163.428200 274.483600 285.458900 294.899800 280.014900 274.576800 310.559900 339.948800 385.300800 393.019900 384.433600 373.566700 
-2012.189300 -2012.527000 -2012.890300 -2012.880700 -2014.043500 -2015.858800 -2031.498800 -2036.669700 -2036.086700 -2034.865300 -2033.217300 -2030.820900 -2027.706900 -2023.869000 -2019.958500 -2015.700900 -2010.637300 -2004.593500 -2001.423500 -2003.830100 -2010.379900 -2016.034400 -2020.788300 -2025.736200 -2030.501900 -2034.538600 -2037.701000 -2040.392500 -2043.434800 -2045.689900 -2046.912900 -2047.218700 -2046.737900 -2046.750900 -2046.565200 -2046.233500 -2043.573800 -2040.541700 -2034.931100 -2027.986100 -2019.545600 -2008.088900 -2002.461500 -2009.352700 -2019.626900 -2029.699900 -2036.667500 -2042.044200 -2044.645700 -2041.019500 -2042.095600 -2042.227500 -2042.922100 -2043.188100 -2044.038800 -2043.562900 -2042.006800 -2040.469700 -2040.745100 -2025.740600 -2027.312200 -2027.116900 -2023.733900 -2017.863400 -2010.298900 -2003.498800 -2000.506000 -1996.461400 -1995.599900 -2072.669600 -2076.866100 -1367.761600 -195.952700 386.664600 569.317300 632.945300 556.225400 469.526100 114.120300 -39.955100 -248.727400 -400.441400 -458.159800 -513.551800 -569.116500 -623.329700 -678.711000 -732.281900 -784.528000 -835.411800 -888.007500 -942.218400 -999.312300 -1055.689700 -1111.007500 -1163.278800 -1212.472700 -1258.187100 -1298.035300 -1335.858400 -1371.792400 -1405.563800 -1437.668100 -1468.453000 -1495.919900 -1522.618500 -1544.490500 -1562.840400 -1579.992000 -1595.002800 -1609.017000 -1620.867800 -1631.457800 -1640.873000 -1653.974900 -1676.444300 -1702.788300 -1729.188700 -1753.936800 -1777.936400 -1797.881200 -1811.750400 -1823.823700 -1831.515700 -1829.942300 -1820.509800 -1802.041400 -1772.759000 -1730.572600 -1679.827900 -1614.629400 -1546.125700 -1463.769800 -1389.385100 -1325.093500 -1226.316500 -1120.761600 -1005.254900 -873.012100 -729.294400 -583.060600 -430.930900 -263.808700 -109.671200 10.728700 65.249100 120.842500 181.495000 210.530100 234.224400 280.231900 325.228500 384.659100 394.675300 391.752200 341.952300 
-2021.551700 -2022.490700 -2023.264800 -2023.891500 -2025.663900 -2027.705700 -2048.107300 -2056.515000 -2057.235900 -2054.879400 -2052.619400 -2049.483500 -2044.127800 -2038.146800 -2033.725600 -2025.486000 -2016.473100 -2007.511100 -2001.894300 -2006.616100 -2016.228500 -2024.468600 -2032.294100 -2039.175600 -2045.836700 -2051.238700 -2055.446000 -2058.634900 -2062.596600 -2065.067000 -2064.999400 -2065.402400 -2066.107600 -2064.325400 -2064.465000 -2064.124400 -2062.287500 -2058.680500 -2052.116800 -2041.361200 -2028.793100 -2013.647500 -2004.094300 -2013.277700 -2027.840000 -2040.433000 -2051.373000 -2060.010800 -2063.506000 -2061.521700 -2059.274700 -2060.322700 -2059.502300 -2059.489400 -2061.502000 -2063.602200 -2064.800500 -2063.780600 -2057.179000 -2037.915900 -2038.651900 -2038.059100 -2031.959200 -2025.351400 -2016.514600 -2006.483900 -2000.641900 -2000.275800 -1995.107500 -1967.191100 -2004.178400 -2026.867200 -1388.268800 -265.789100 443.829300 692.656400 739.406600 748.354900 617.131000 300.607100 -43.057100 -289.124400 -366.268400 -472.238600 -527.767600 -583.114000 -637.863000 -691.578700 -743.974400 -794.356600 -843.672100 -896.296900 -951.081200 -1005.838500 -1060.462800 -1114.349700 -1165.629800 -1213.238200 -1259.201600 -1302.105400 -1342.722700 -1380.162000 -1416.503300 -1450.095900 -1480.703600 -1508.936700 -1536.793800 -1557.026000 -1574.558900 -1588.889900 -1602.084800 -1612.869100 -1620.881900 -1627.824400 -1639.323600 -1661.924000 -1688.905500 -1716.143400 -1742.392600 -1765.134100 -1784.693100 -1802.348700 -1815.463200 -1822.051200 -1820.408300 -1811.973600 -1795.619500 -1766.334600 -1729.831400 -1684.023600 -1627.653100 -1563.892800 -1494.593900 -1423.761400 -1342.104900 -1264.463600 -1202.701200 -1100.080500 -971.336200 -835.253900 -694.496500 -550.424600 -384.750100 -231.853100 -93.060100 40.093400 127.128700 143.639100 142.544800 173.033500 224.460900 324.305100 321.360700 330.249300 329.494700 274.631500 
-2030.518900 -2031.644900 -2032.600000 -2033.397200 -2036.776700 -2038.401500 -2060.001300 -2069.406200 -2071.252200 -2071.178700 -2067.943600 -2063.871800 -2058.109100 -2050.963500 -2042.131700 -2032.066800 -2021.300200 -2010.081600 -2003.211600 -2008.221400 -2019.731100 -2031.782900 -2041.386600 -2050.772000 -2058.452800 -2064.861200 -2069.811000 -2074.178000 -2078.095800 -2078.511700 -2078.369800 -2079.236400 -2080.245200 -2081.309700 -2077.650900 -2076.649600 -2073.926100 -2068.919300 -2063.283500 -2052.923300 -2037.745300 -2019.220900 -2006.930100 -2017.444200 -2037.559300 -2052.068200 -2062.502100 -2069.615300 -2074.660100 -2078.409500 -2076.401700 -2073.909500 -2072.994800 -2071.700900 -2070.742800 -2076.316400 -2080.547900 -2082.972400 -2082.382000 -2060.450700 -2050.687900 -2042.648000 -2036.276200 -2028.710100 -2017.844500 -2006.839100 -2000.829700 -2001.950700 -2000.560600 -2000.145000 -1989.780100 -2025.889500 -2137.407700 -1532.662200 -312.789600 471.933400 764.954600 848.697100 848.742800 708.400400 293.267400 -45.809400 -169.207800 -303.122300 -484.484200 -540.349600 -595.538200 -648.852100 -701.966600 -750.302500 -799.618300 -851.065800 -904.444100 -957.813100 -1011.934200 -1065.936000 -1118.410200 -1167.700700 -1214.669600 -1263.788500 -1310.877700 -1353.171400 -1392.072900 -1426.597800 -1461.132500 -1491.798200 -1524.368200 -1547.054200 -1565.524500 -1579.904300 -1592.891900 -1601.934100 -1609.257400 -1613.974100 -1624.539700 -1646.968000 -1674.515800 -1702.231400 -1728.244000 -1752.872400 -1773.957800 -1792.468700 -1805.965400 -1810.681200 -1809.375800 -1802.200000 -1788.982100 -1766.882300 -1735.970100 -1697.343700 -1650.451500 -1594.801200 -1533.335200 -1472.309200 -1399.401300 -1330.755200 -1269.910600 -1177.940800 -1066.581300 -936.727100 -800.489500 -662.630400 -509.723700 -360.614600 -211.540600 -86.078800 31.840200 93.862900 124.658200 101.858300 186.779100 272.337000 310.420900 269.570700 275.601700 231.030100 
-2037.891500 -2039.042300 -2040.679900 -2043.235800 -2046.644200 -2048.360400 -2068.317900 -2077.231800 -2078.781700 -2080.167400 -2078.813500 -2075.397600 -2069.144200 -2061.039100 -2050.756900 -2039.233700 -2025.819800 -2011.633500 -2002.199800 -2009.536500 -2023.610900 -2036.915200 -2048.779600 -2059.273800 -2068.234100 -2075.261700 -2080.043700 -2084.566700 -2086.589700 -2086.671900 -2088.233900 -2088.534300 -2089.214600 -2090.161000 -2087.870000 -2085.103200 -2081.453700 -2075.457000 -2067.715500 -2055.830900 -2041.290500 -2022.834100 -2007.589100 -2019.923900 -2038.980400 -2053.868100 -2066.021300 -2075.136600 -2081.203200 -2084.938000 -2084.026200 -2081.455200 -2082.477900 -2086.478300 -2086.598600 -2089.882600 -2090.848400 -2091.102300 -2090.559800 -2087.017600 -2063.286900 -2053.419100 -2045.442300 -2028.898100 -2017.440700 -2006.930900 -2001.305000 -2004.755400 -2006.669900 -2003.098600 -1999.555300 -1997.776600 -2056.734800 -2103.220100 -1599.379400 -477.857800 372.558500 757.804600 893.487300 866.666200 797.809200 386.516600 1.472200 -134.332100 -260.298500 -360.127600 -533.980800 -600.422000 -658.154000 -708.065000 -755.874200 -805.695800 -858.167400 -911.013300 -964.196400 -1018.498900 -1072.502500 -1123.758800 -1177.670800 -1229.829300 -1277.925600 -1322.833800 -1365.265000 -1404.212600 -1439.349600 -1472.173500 -1504.628900 -1532.040700 -1551.882000 -1568.222600 -1580.815500 -1588.488200 -1595.067800 -1600.504600 -1609.968700 -1631.707400 -1659.513600 -1687.465200 -1714.911400 -1739.538200 -1761.286600 -1780.117900 -1791.997300 -1800.349300 -1801.135200 -1796.306200 -1786.620600 -1772.008500 -1747.832700 -1715.914800 -1679.703900 -1634.543200 -1582.879000 -1526.936000 -1464.702500 -1403.154800 -1362.009800 -1269.066000 -1162.225900 -1041.009200 -913.291200 -778.478400 -635.456100 -491.132500 -342.108200 -206.177500 -91.646100 1.246100 73.723800 62.679900 106.092100 186.582700 235.008700 260.574000 212.823500 204.998400 
-2043.664400 -2044.945000 -2047.344200 -2051.370000 -2053.460600 -2055.279100 -2073.021100 -2082.039400 -2082.154200 -2083.098800 -2082.547600 -2079.958300 -2075.092900 -2067.445300 -2056.387600 -2043.913100 -2028.684700 -2013.101500 -2002.638700 -2009.431400 -2025.038400 -2039.698700 -2052.862000 -2064.292800 -2072.905500 -2078.153600 -2083.730300 -2087.729500 -2089.202200 -2090.845900 -2091.624900 -2092.050300 -2091.758300 -2090.887400 -2090.620300 -2087.004400 -2083.109500 -2076.769300 -2068.954500 -2057.550400 -2042.585000 -2023.796200 -2007.486200 -2019.403300 -2039.164500 -2055.051600 -2066.527900 -2075.684300 -2081.722000 -2085.264800 -2088.737900 -2089.670800 -2091.052200 -2092.008800 -2092.272000 -2092.323300 -2091.185200 -2090.257500 -2089.621200 -2085.940700 -2062.827800 -2057.743000 -2050.573600 -2039.831900 -2025.981300 -2007.382000 -2002.633000 -2008.372900 -2012.500400 -2009.883600 -2005.176600 -1998.743100 -1990.814700 -2030.676000 -2097.648400 -1803.501800 -631.662800 327.518100 731.835000 893.878900 903.052000 811.146200 315.330700 13.168100 -98.192100 -237.300800 -368.650100 -486.274000 -608.884400 -662.777400 -712.056800 -763.388200 -814.059000 -865.995500 -919.294200 -973.630300 -1028.035000 -1083.591200 -1138.630300 -1193.373500 -1244.215100 -1291.958700 -1337.012100 -1379.549000 -1418.029600 -1451.365300 -1482.366400 -1512.129900 -1533.530600 -1550.822000 -1564.532000 -1573.188200 -1578.444400 -1585.207400 -1594.636400 -1616.939900 -1643.708900 -1672.082500 -1699.389400 -1723.917600 -1745.585100 -1763.222100 -1777.444100 -1787.121000 -1791.565400 -1792.078000 -1787.279000 -1778.452600 -1761.272600 -1739.048600 -1712.600700 -1679.817700 -1640.118400 -1593.986800 -1543.617700 -1497.167400 -1450.196900 -1361.772300 -1260.054900 -1146.913000 -1024.864600 -895.582600 -759.123900 -616.926600 -465.350800 -325.874800 -199.737800 -104.991800 -34.941900 17.919000 54.449300 112.062200 129.111700 165.808400 191.356500 149.402300 
-2046.826900 -2047.829300 -2051.109200 -2053.879900 -2055.835200 -2058.027800 -2072.327600 -2080.633000 -2080.492500 -2080.211300 -2079.903300 -2077.881900 -2073.858000 -2067.460000 -2058.317300 -2044.177900 -2028.583800 -2014.364300 -2002.827800 -2008.763100 -2023.458600 -2039.005200 -2052.851700 -2063.950000 -2070.926000 -2076.249800 -2079.935600 -2083.050600 -2085.317800 -2087.310900 -2088.214700 -2088.326500 -2087.569100 -2085.683100 -2084.843300 -2082.731500 -2077.521200 -2073.461700 -2066.771700 -2056.712800 -2042.241300 -2022.250600 -2005.538900 -2015.936200 -2036.648400 -2052.846800 -2063.437200 -2070.521000 -2074.865900 -2078.123500 -2080.824600 -2082.019100 -2083.744900 -2084.716000 -2084.993900 -2084.550800 -2083.506900 -2081.557600 -2080.032600 -2077.815500 -2059.343000 -2054.802200 -2048.951800 -2038.761600 -2025.680600 -2011.574000 -2002.250700 -2010.760400 -2017.509600 -2018.694200 -2013.139200 -2005.188500 -1999.600300 -1972.663200 -1987.406600 -2111.482800 -1827.377000 -741.895700 249.738300 692.574100 881.004100 885.930900 452.876300 109.531500 -41.112000 -162.868800 -250.705100 -389.076800 -505.100700 -584.523300 -658.264100 -721.330000 -772.313600 -824.189900 -876.570700 -931.703600 -987.037200 -1043.274600 -1100.687400 -1155.964800 -1208.824700 -1260.072200 -1308.728300 -1354.070200 -1395.107600 -1430.713000 -1460.524900 -1487.094000 -1510.358100 -1527.832100 -1541.414800 -1552.127100 -1560.136900 -1567.953200 -1579.941600 -1602.140800 -1627.659100 -1654.195600 -1679.897200 -1704.814900 -1725.690200 -1744.407600 -1759.311200 -1772.401800 -1780.687500 -1786.939700 -1789.620200 -1787.862500 -1779.856300 -1766.211400 -1749.109200 -1728.028600 -1700.374500 -1666.203900 -1627.207900 -1610.454300 -1541.445000 -1455.428300 -1355.563800 -1246.938300 -1132.163100 -1010.555100 -878.191400 -736.427300 -589.388100 -444.138900 -306.180000 -182.814600 -92.056400 -16.665600 106.847500 204.962400 280.189500 273.732300 257.696200 136.665800 
-2046.434500 -2047.722700 -2050.084900 -2051.835300 -2053.514000 -2055.223300 -2066.110000 -2073.690500 -2073.579500 -2072.690100 -2071.453900 -2070.293600 -2067.069600 -2062.027000 -2053.764600 -2041.518400 -2026.909700 -2013.064900 -2002.752700 -2009.586600 -2020.611200 -2035.045600 -2047.674900 -2057.399400 -2062.996600 -2066.732300 -2069.964100 -2071.960500 -2074.120700 -2075.258600 -2075.646800 -2075.381400 -2074.343200 -2072.461500 -2069.331300 -2068.165100 -2066.125900 -2063.568300 -2058.741800 -2048.850000 -2034.133300 -2016.582800 -2003.479000 -2011.395500 -2027.584900 -2042.899500 -2054.410600 -2060.479700 -2063.075300 -2063.937400 -2064.811200 -2066.654100 -2068.294400 -2069.482100 -2069.677400 -2069.147400 -2067.831300 -2066.106800 -2063.178900 -2062.555500 -2053.934300 -2051.554500 -2048.834600 -2034.437800 -2021.819500 -2009.310900 -2001.793600 -2010.251000 -2020.980400 -2023.815400 -2020.529600 -2012.948900 -2005.685600 -2000.587900 -1977.545100 -2002.208300 -2111.653900 -1854.207100 -919.570100 125.121900 623.826800 763.486000 684.846700 404.089400 102.482900 -140.897500 -229.846600 -310.514700 -432.545600 -521.433900 -623.675700 -678.538500 -731.163800 -784.165700 -836.990100 -891.234700 -947.624600 -1004.939400 -1061.806000 -1118.291700 -1173.151300 -1227.497900 -1279.853900 -1329.361500 -1372.887700 -1408.633200 -1437.777900 -1462.291100 -1483.120900 -1500.319600 -1514.587300 -1527.719400 -1539.620800 -1550.602200 -1564.500000 -1586.131000 -1610.806900 -1635.534800 -1659.489600 -1682.434600 -1703.094000 -1721.019600 -1737.555700 -1752.740400 -1765.754300 -1777.195500 -1786.978100 -1793.579600 -1795.228400 -1791.661300 -1782.680600 -1771.202900 -1755.094200 -1736.414100 -1713.771900 -1695.512000 -1635.420800 -1553.837400 -1452.504200 -1345.729800 -1234.091900 -1114.174800 -988.669800 -849.846200 -708.579200 -567.166200 -423.221700 -288.499100 -147.595200 -32.242300 40.887900 201.500700 332.877100 354.148600 270.482600 202.561500 
-2041.379400 -2041.477900 -2042.712500 -2043.994900 -2045.227100 -2046.570300 -2053.649800 -2059.101000 -2059.210100 -2058.657300 -2057.098600 -2055.794000 -2053.534400 -2048.799000 -2041.063200 -2032.045100 -2021.553000 -2011.042600 -2001.127300 -2006.281600 -2016.256700 -2026.452200 -2035.110500 -2042.413600 -2047.951500 -2050.263800 -2052.141400 -2053.790300 -2054.686600 -2054.938900 -2054.902800 -2054.355700 -2053.532800 -2052.005700 -2050.348400 -2049.168600 -2049.080900 -2047.963400 -2042.502600 -2034.476100 -2023.602400 -2011.793600 -2002.763400 -2007.775500 -2019.037800 -2028.824700 -2036.839000 -2042.575500 -2043.880400 -2044.463800 -2044.747900 -2045.219300 -2045.386000 -2045.607300 -2045.642200 -2044.978000 -2043.957300 -2043.183800 -2042.114800 -2040.920800 -2040.243700 -2036.583900 -2034.184900 -2028.350600 -2015.550300 -2007.492100 -2000.974700 -2005.859700 -2014.999600 -2019.901500 -2018.979600 -2014.102100 -2009.006100 -2003.885000 -2001.180800 -1990.780600 -1997.212300 -2105.167500 -2042.903400 -1072.768300 89.020300 489.935500 492.543900 359.263800 178.225600 -2.566900 -125.710700 -217.696500 -363.578300 -506.337300 -567.368200 -636.206200 -692.733400 -747.424500 -798.448700 -853.285400 -908.900800 -965.864800 -1023.124400 -1080.134300 -1137.028200 -1193.296300 -1248.732300 -1302.454800 -1350.488400 -1386.816600 -1412.592300 -1433.279900 -1452.264100 -1470.379600 -1485.796400 -1502.007800 -1517.830900 -1532.224800 -1548.505900 -1569.090700 -1591.076600 -1612.790100 -1634.334800 -1654.925100 -1674.333100 -1692.818000 -1710.433800 -1727.567200 -1744.874900 -1762.938200 -1779.180700 -1794.355500 -1804.389000 -1808.761000 -1807.523200 -1801.974100 -1797.652300 -1791.994600 -1793.386100 -1774.667200 -1721.764600 -1646.234800 -1550.501600 -1436.830700 -1319.064800 -1202.829500 -1079.583700 -946.229300 -810.486200 -679.384900 -550.842100 -422.191800 -295.998800 -120.193500 -10.180100 66.434000 223.492600 364.793300 424.256300 322.464300 
-2027.783700 -2028.889600 -2029.246100 -2029.578300 -2030.259600 -2030.385100 -2033.566700 -2036.844100 -2036.896100 -2036.578400 -2035.841100 -2034.823900 -2033.339900 -2029.291200 -2023.713000 -2018.386800 -2012.805900 -2006.629700 -2000.783800 -2003.600200 -2009.340400 -2015.169300 -2019.179300 -2022.646400 -2025.973000 -2028.154900 -2028.794100 -2029.116200 -2028.765100 -2028.079800 -2027.182800 -2026.644400 -2026.432500 -2026.150400 -2025.664000 -2024.815200 -2024.347100 -2022.070800 -2019.529500 -2016.089800 -2011.992400 -2006.582000 -2001.728500 -2003.372500 -2008.757300 -2012.716200 -2015.324500 -2017.482800 -2018.417800 -2019.290800 -2018.779900 -2018.265900 -2017.712200 -2017.103300 -2015.830400 -2015.263600 -2016.032300 -2015.546300 -2015.586500 -2014.871300 -2013.915900 -2012.784700 -2011.572100 -2009.215900 -2006.209400 -2004.012300 -2000.839700 -2003.108800 -2004.838200 -2006.482100 -2006.403000 -2004.590600 -2003.340000 -2001.919800 -2000.882700 -2000.335100 -2006.686400 -2009.413800 -2057.042400 -2009.452200 -1002.864800 -124.003800 22.354100 -40.600800 -116.702100 -223.367100 -296.177000 -349.345500 -392.942600 -463.152200 -536.222300 -600.040900 -656.300200 -714.757400 -771.274300 -827.067900 -882.243000 -938.434000 -995.315200 -1051.596600 -1107.873000 -1164.748600 -1221.197600 -1276.881700 -1329.010200 -1365.155900 -1386.646700 -1406.298300 -1425.199300 -1443.138500 -1460.920900 -1478.499600 -1497.445200 -1517.212200 -1537.372100 -1555.896500 -1574.603500 -1594.492200 -1613.440900 -1633.465100 -1653.760000 -1672.611500 -1692.633700 -1711.326700 -1731.224700 -1750.898700 -1768.582600 -1786.324000 -1801.266900 -1808.628400 -1809.428800 -1808.950600 -1809.797600 -1809.517400 -1810.550000 -1799.572000 -1754.949600 -1687.128900 -1600.765500 -1487.285300 -1362.558600 -1239.810500 -1115.526100 -988.973000 -863.124900 -735.037600 -612.665600 -495.122700 -363.445300 -205.443400 -56.817100 2.822800 100.220900 243.815200 387.182400 416.275800 
-2009.271300 -2009.193000 -2009.321500 -2009.176700 -2008.935400 -2008.900900 -2009.121600 -2009.342100 -2008.845500 -2007.776700 -2006.932800 -2007.372100 -2006.443500 -2005.381400 -2004.096900 -2003.019200 -2002.182200 -2001.688300 -2000.130700 -2001.371200 -2001.726700 -2002.096300 -2002.621600 -2003.138500 -2004.187700 -2004.524500 -2004.654700 -2004.214300 -2004.768300 -2004.342000 -2004.005300 -2003.751900 -2003.712700 -2003.515900 -2003.312800 -2003.092000 -2002.118300 -2001.356000 -2000.612500 -1999.743500 -1998.970800 -1998.529400 -1997.121500 -1997.798400 -1997.883600 -1998.636500 -1998.807800 -1999.182800 -1999.820000 -2000.268500 -2000.320000 -2000.245600 -2000.206200 -1999.812100 -1999.636100 -1999.589600 -1999.584400 -1999.530900 -1999.455500 -1999.492400 -1999.306700 -1998.518900 -1997.821800 -1997.043000 -1996.918000 -1997.013600 -1997.484500 -1995.740300 -1993.930800 -1993.886000 -1994.185300 -1995.402500 -1994.529300 -1994.447600 -1995.419300 -1996.346400 -1997.903500 -1999.215300 -1997.799500 -2005.482200 -2016.417800 -1714.235400 -1152.724600 -912.343100 -768.168000 -677.192100 -632.144700 -602.666300 -592.129600 -592.163200 -600.893400 -632.532700 -684.364200 -738.092400 -791.061500 -842.817000 -896.866700 -945.493700 -1002.838500 -1055.683100 -1108.664500 -1161.840300 -1214.220700 -1265.400300 -1310.725400 -1346.852800 -1373.277700 -1396.497300 -1411.530400 -1428.511200 -1444.269200 -1460.742600 -1478.571100 -1499.525400 -1520.655100 -1542.559800 -1560.108700 -1579.806600 -1598.933300 -1617.882100 -1637.971600 -1657.263200 -1674.276600 -1692.566400 -1710.266000 -1727.522700 -1743.958000 -1759.165800 -1771.033900 -1777.553400 -1779.184800 -1782.739900 -1780.679200 -1778.249500 -1771.499000 -1749.005900 -1708.067100 -1649.552100 -1570.203000 -1461.816700 -1342.251100 -1217.936300 -1093.463900 -975.652500 -863.515000 -735.961700 -592.571900 -466.460100 -339.562400 -203.868400 -91.728800 -8.257600 18.471300 154.060500 335.258300 495.999500 
-1997.564500 -1997.101400 -1996.399900 -1996.542600 -1997.205500 -1996.641900 -1996.374700 -1996.692000 -1997.363400 -1997.229400 -1996.690100 -1996.759700 -1996.435900 -1994.649800 -1992.841700 -1992.439600 -1993.548300 -1995.942500 -2000.015100 -1998.487800 -1994.499500 -1992.164100 -1991.387900 -1992.163100 -1994.238400 -1995.974900 -1996.241000 -1996.566000 -1996.479600 -1996.134500 -1995.881400 -1995.454700 -1994.946400 -1994.681100 -1994.837300 -1994.610000 -1992.527500 -1990.479800 -1988.811000 -1987.191200 -1986.076500 -1985.233100 -1984.377500 -1984.976300 -1984.056500 -1983.731900 -1984.794900 -1985.499700 -1987.070900 -1988.008100 -1988.612400 -1988.728300 -1988.492400 -1988.269800 -1988.034600 -1987.794200 -1987.654200 -1987.576300 -1987.515600 -1987.334800 -1986.965100 -1986.052800 -1985.104100 -1984.347300 -1983.380800 -1983.407700 -1982.337400 -1977.244900 -1977.830700 -1976.842400 -1978.742000 -1981.919400 -1983.463700 -1978.423100 -1981.224500 -1983.107700 -1985.896800 -1992.396100 -2000.717300 -2001.962700 -2001.222600 -2021.663600 -2029.195000 -1726.219800 -1392.171900 -1156.538500 -1007.479900 -902.683000 -812.128900 -764.667500 -748.939700 -731.312600 -756.510100 -791.995900 -832.344200 -877.222900 -920.451800 -965.593600 -1018.244200 -1065.683400 -1114.560100 -1161.570700 -1207.828400 -1251.821100 -1291.572500 -1325.530600 -1353.719000 -1382.319000 -1399.725900 -1412.442500 -1425.962000 -1443.834600 -1458.250200 -1476.824200 -1495.512100 -1521.629500 -1539.264200 -1557.837900 -1575.251100 -1593.826800 -1613.520600 -1630.666700 -1646.805300 -1662.699000 -1678.012700 -1692.608700 -1706.024800 -1717.645600 -1726.605100 -1731.037400 -1731.121700 -1734.939500 -1728.928800 -1722.196500 -1706.492700 -1678.522900 -1636.754200 -1577.682000 -1501.638300 -1402.352200 -1293.140400 -1177.791600 -1060.280700 -945.706500 -832.622400 -705.510900 -565.471100 -441.143600 -321.307800 -220.214100 -114.641400 -22.221100 5.176300 72.869100 212.945100 341.913200 
-1975.996700 -1975.461300 -1974.723900 -1975.055900 -1975.617300 -1975.214500 -1975.076800 -1974.979200 -1974.204300 -1973.288000 -1972.830600 -1979.543200 -1980.505800 -1978.731100 -1976.162100 -1975.521300 -1976.049600 -1978.908100 -1982.111200 -1978.891900 -1975.095800 -1973.890700 -1972.465500 -1975.583800 -1978.825400 -1979.570700 -1975.871300 -1966.141500 -1965.844100 -1965.554800 -1965.278200 -1965.011200 -1964.753600 -1964.510300 -1964.275600 -1964.053900 -1962.242300 -1960.130300 -1957.647000 -1956.085400 -1954.637000 -1953.714000 -1953.756200 -1948.549600 -1947.701300 -1948.886300 -1950.199300 -1953.414200 -1957.108900 -1960.872000 -1962.530300 -1962.581900 -1962.663200 -1962.769900 -1962.907400 -1963.077500 -1963.282900 -1963.528700 -1963.820600 -1964.850600 -1964.312500 -1963.313300 -1961.981800 -1960.916400 -1960.524300 -1961.354200 -1960.129000 -1949.290800 -1951.363800 -1950.621600 -1956.164900 -1961.488000 -1965.623800 -1962.229400 -1961.989200 -1964.097900 -1961.794900 -1964.509200 -1976.089400 -1989.386200 -2011.861400 -1992.055200 -2024.276100 -1978.639400 -1726.241000 -1465.078200 -1283.838500 -1127.834900 -1025.667900 -944.871800 -910.256600 -642.380200 -687.572000 -729.439900 -778.028300 -826.559800 -874.453400 -919.651900 -973.789800 -1020.821100 -1067.395600 -1113.183800 -1157.376500 -1198.984200 -1237.091700 -1271.078300 -1300.876900 -1333.796800 -1352.529000 -1366.437700 -1382.017600 -1398.291700 -1411.171700 -1428.415100 -1445.915400 -1471.138800 -1487.681100 -1506.479000 -1524.122500 -1542.005200 -1561.316000 -1580.000000 -1592.123700 -1606.327200 -1619.696900 -1632.017800 -1642.872800 -1651.814800 -1658.346400 -1660.389000 -1657.731800 -1659.927100 -1651.663000 -1640.400000 -1617.895700 -1589.649400 -1545.711800 -1488.349100 -1414.709600 -1320.369400 -1223.025700 -1117.957500 -1010.403000 -905.791100 -800.424100 -695.598200 -565.871100 -418.899200 -305.438900 -223.709300 -128.112300 -31.439500 2.196100 11.277100 78.037800 221.046600 
-1938.828700 -1938.220200 -1937.613300 -1936.967300 -1937.815700 -1940.422100 -1939.722600 -1939.022000 -1938.320200 -1937.616800 -1936.911900 -1947.148700 -1951.133500 -1947.521600 -1943.867900 -1941.007100 -1939.891100 -1938.249500 -1937.500300 -1935.450800 -1934.719300 -1935.111900 -1936.387500 -1938.601800 -1943.325200 -1945.453800 -1941.348500 -1924.474000 -1923.702800 -1922.926400 -1922.144500 -1921.356600 -1920.562700 -1919.762300 -1918.955200 -1918.141100 -1914.234300 -1908.913500 -1905.805200 -1903.477800 -1900.971300 -1898.084600 -1896.335600 -1895.957500 -1894.490300 -1895.262100 -1895.184100 -1897.586200 -1900.937400 -1904.082600 -1904.875700 -1904.165100 -1903.456600 -1902.750300 -1902.046200 -1901.344400 -1900.644700 -1899.947200 -1899.252000 -1903.971100 -1901.993700 -1894.548100 -1888.115300 -1883.320900 -1880.772200 -1876.246200 -1875.530700 -1875.118000 -1875.838500 -1873.698300 -1875.846600 -1889.923500 -1908.892400 -1924.304500 -1922.572200 -1927.986200 -1924.708900 -1923.634800 -1929.680300 -1941.522500 -1969.189900 -1986.780300 -1987.763100 -1904.720400 -1757.531400 -1585.082500 -1427.233500 -1279.846100 -1169.307900 -1083.546900 -1023.691200 -539.675000 -593.467600 -648.116800 -703.007800 -757.912900 -812.305100 -864.058000 -916.250300 -964.991800 -1012.081500 -1057.651400 -1101.267600 -1142.347900 -1180.368900 -1214.994800 -1246.141200 -1281.321300 -1301.309100 -1316.580900 -1333.258100 -1349.691600 -1367.099600 -1383.406800 -1396.625500 -1422.045900 -1440.161400 -1456.155200 -1474.845900 -1490.774600 -1512.057000 -1529.959300 -1542.365700 -1550.932400 -1562.460600 -1572.819100 -1581.637400 -1588.596200 -1593.337900 -1593.736500 -1593.224700 -1590.881000 -1577.310000 -1562.409500 -1539.243400 -1505.952500 -1461.743000 -1405.034300 -1336.204400 -1244.919100 -1155.453800 -1060.440900 -963.076200 -867.551300 -763.594000 -661.961500 -534.443500 -394.579100 -304.425400 -229.418500 -143.366900 -35.524900 -2.136700 1.836200 8.285300 43.876100 
-1893.253900 -1892.432500 -1891.613300 -1890.796300 -1889.981500 -1889.169000 -1888.358700 -1887.550600 -1886.744700 -1885.941000 -1901.903200 -1900.481200 -1907.149800 -1901.667200 -1895.317500 -1890.202500 -1885.372100 -1883.532700 -1881.088100 -1881.058900 -1881.132100 -1881.070500 -1885.222000 -1888.859400 -1893.892100 -1897.329800 -1893.107300 -1871.854100 -1871.092600 -1870.333200 -1869.576100 -1868.807300 -1867.997100 -1867.189300 -1866.383800 -1865.580800 -1864.444200 -1859.278500 -1852.279000 -1848.593300 -1845.621100 -1844.503700 -1844.356900 -1841.806600 -1842.031400 -1842.057200 -1843.300400 -1846.897400 -1849.419500 -1853.116500 -1853.821000 -1853.056100 -1852.293500 -1851.533300 -1850.775500 -1850.020000 -1849.266900 -1848.516200 -1847.767900 -1853.797600 -1851.250100 -1841.812900 -1836.516000 -1830.999900 -1827.367800 -1823.303300 -1823.455900 -1821.538100 -1821.185200 -1822.480200 -1837.162500 -1853.177100 -1877.126400 -1894.202800 -1883.495400 -1877.221600 -1874.538700 -1877.305900 -1875.544600 -1884.294700 -1918.132300 -1946.230800 -1924.656000 -1848.736400 -1713.354300 -1595.601800 -1459.879000 -1353.616900 -1254.260500 -1167.850100 -1118.467600 -1048.851100 -577.964700 -629.404000 -683.412600 -736.096000 -787.631000 -834.444700 -882.613100 -932.691300 -977.433900 -1020.729800 -1061.721100 -1100.480500 -1136.553400 -1169.751600 -1200.401400 -1236.187600 -1255.598900 -1270.585100 -1289.224900 -1307.021600 -1322.676300 -1334.871200 -1351.203700 -1376.045600 -1390.694300 -1406.683400 -1423.215500 -1441.094400 -1458.415200 -1475.502100 -1486.804000 -1492.966000 -1502.565000 -1510.987600 -1517.872100 -1522.957800 -1525.938400 -1523.922200 -1525.397400 -1516.269800 -1500.756300 -1484.286100 -1456.746100 -1422.273600 -1382.844800 -1328.024600 -1261.984600 -1173.044400 -1091.960200 -1006.575800 -916.544100 -824.824000 -719.223500 -628.938600 -513.377500 -383.690900 -297.112500 -235.504400 -155.595700 -44.375400 -1.786800 -1.131600 2.214000 7.035500 
-1841.310300 -1840.426200 -1839.544400 -1838.665100 -1837.788100 -1836.913500 -1836.041300 -1835.171500 -1834.304100 -1833.439100 -1851.973100 -1864.282500 -1857.621300 -1850.743200 -1843.691900 -1835.980900 -1832.265600 -1827.146600 -1824.877100 -1824.938400 -1824.799500 -1828.132400 -1830.929400 -1835.286200 -1841.741700 -1846.966600 -1852.311000 -1844.611500 -1816.841900 -1815.985300 -1815.131100 -1814.279400 -1813.430200 -1812.583600 -1811.739400 -1810.897700 -1809.417400 -1803.957100 -1797.625500 -1794.862200 -1791.812000 -1789.493400 -1789.576200 -1789.402200 -1787.501500 -1787.580600 -1788.817700 -1790.298900 -1796.153600 -1797.885300 -1798.572000 -1797.770300 -1796.971000 -1796.174300 -1795.380000 -1794.588100 -1793.798800 -1793.012000 -1792.227600 -1798.889900 -1796.247800 -1785.678200 -1779.645200 -1774.885800 -1770.188900 -1768.770500 -1768.803100 -1763.987200 -1767.293200 -1778.334200 -1793.872700 -1815.343800 -1839.846800 -1850.186100 -1836.067900 -1829.097700 -1828.840600 -1820.765300 -1816.087700 -1823.014800 -1864.609500 -1895.865600 -1866.851800 -1784.527600 -1658.624900 -1562.820400 -1462.951500 -1369.957500 -1288.575400 -1216.194300 -1156.318900 -1107.561300 -559.973000 -610.583400 -661.278900 -712.902500 -762.701200 -806.515000 -851.792700 -900.888600 -942.828300 -983.268700 -1021.986100 -1059.015900 -1093.348900 -1125.193200 -1155.066600 -1190.584500 -1212.452900 -1228.303200 -1244.142400 -1259.894400 -1276.989500 -1290.934300 -1305.584200 -1329.021800 -1342.852600 -1356.830900 -1373.203600 -1386.639400 -1403.479200 -1419.852000 -1430.714400 -1434.981000 -1442.916900 -1449.753500 -1455.025900 -1458.588600 -1460.405000 -1456.161900 -1454.131300 -1443.636000 -1425.888500 -1408.136300 -1377.840300 -1348.114400 -1303.107600 -1253.665400 -1191.610900 -1106.341500 -1030.823800 -952.762900 -864.170500 -759.462000 -673.977400 -596.646200 -491.428800 -365.880300 -287.125900 -235.378900 -156.481500 -43.943900 -0.283200 -1.283700 -2.116000 2.144600 
-1785.695500 -1784.821600 -1783.950300 -1783.081500 -1782.215300 -1781.351200 -1780.489700 -1779.630400 -1778.773400 -1777.918100 -1796.335600 -1811.242500 -1803.454700 -1795.532900 -1786.731600 -1778.264200 -1774.118100 -1770.796800 -1768.399700 -1766.407400 -1767.711600 -1768.956300 -1773.971900 -1777.575300 -1785.175400 -1791.729100 -1798.730100 -1792.578000 -1762.130900 -1761.320900 -1760.514900 -1759.713900 -1758.914600 -1758.116400 -1757.319300 -1756.524200 -1753.660800 -1748.313400 -1741.231800 -1736.739700 -1735.757400 -1732.767600 -1732.140900 -1732.145600 -1730.138200 -1732.239800 -1733.688500 -1735.247100 -1738.890200 -1740.920700 -1744.307400 -1743.476800 -1742.651200 -1741.833400 -1741.012300 -1740.194400 -1739.379200 -1738.567000 -1737.760400 -1742.721400 -1738.837600 -1728.636600 -1722.143900 -1717.156000 -1714.611800 -1710.909000 -1709.244400 -1707.663100 -1706.944900 -1738.306400 -1760.507900 -1779.720500 -1794.391800 -1798.423300 -1795.279800 -1781.359100 -1773.798700 -1765.093400 -1761.611400 -1758.356300 -1800.995300 -1834.706700 -1801.942700 -1725.317300 -1620.744600 -1508.863600 -1436.700600 -1360.154800 -1294.726000 -1245.042900 -1178.164300 -1140.912600 -1066.299200 -591.391300 -639.552800 -688.618700 -736.697400 -778.425100 -820.501500 -867.374700 -907.561800 -945.891500 -982.530700 -1017.492700 -1050.386900 -1081.110800 -1109.998200 -1144.590900 -1166.108600 -1181.586700 -1197.372000 -1216.807200 -1228.664100 -1241.634600 -1255.634800 -1277.917900 -1291.083400 -1303.844000 -1319.630700 -1332.305900 -1347.772300 -1363.315400 -1372.985500 -1375.018400 -1381.456200 -1386.696200 -1390.580600 -1392.990900 -1393.272600 -1388.073100 -1383.916000 -1372.475000 -1353.844200 -1331.851800 -1306.844400 -1275.885400 -1232.375400 -1180.721300 -1124.204500 -1043.710500 -973.920500 -902.887200 -798.091000 -712.573600 -637.413800 -568.780800 -504.691700 -388.316900 -285.447500 -238.156000 -166.921900 -50.386600 -1.731200 -3.940600 -6.630800 -0.450700 
-1730.767300 -1729.810000 -1728.856200 -1727.905000 -1726.956000 -1726.011100 -1725.066000 -1724.126700 -1723.189800 -1742.308200 -1751.420800 -1755.854800 -1747.192500 -1737.424200 -1727.013100 -1720.579800 -1713.925900 -1709.921900 -1707.719500 -1707.264800 -1706.857400 -1708.457800 -1713.691900 -1719.666200 -1726.554600 -1734.975500 -1741.321000 -1738.352800 -1704.928200 -1704.035700 -1703.147900 -1702.260900 -1701.376300 -1700.493600 -1699.623400 -1698.746300 -1695.184400 -1690.052600 -1685.569700 -1680.952300 -1677.372900 -1676.349400 -1675.584100 -1673.605400 -1673.893800 -1672.648500 -1674.168600 -1676.505200 -1679.924400 -1685.537300 -1685.901700 -1685.071400 -1684.252100 -1683.408000 -1682.586500 -1681.749100 -1680.949700 -1680.133300 -1679.292900 -1683.953500 -1679.918200 -1669.960700 -1663.644800 -1659.595300 -1654.929000 -1653.466300 -1651.666300 -1652.001200 -1651.054000 -1698.691900 -1720.128600 -1736.578500 -1738.709600 -1744.041900 -1746.000300 -1724.769000 -1713.133300 -1703.947900 -1698.350600 -1693.626700 -1762.221800 -1794.697000 -1735.417200 -1664.937800 -1571.481400 -1464.290600 -1392.687300 -1334.947900 -1287.876800 -1233.665200 -1191.193000 -1166.707600 -1129.084100 -727.324800 -617.199300 -663.426600 -709.554300 -749.011200 -789.063200 -834.338400 -872.013600 -908.290900 -943.028900 -976.368700 -1007.814000 -1037.518300 -1065.425100 -1098.973300 -1120.211100 -1134.928900 -1150.130100 -1169.019200 -1184.377400 -1193.299200 -1205.158700 -1227.641800 -1239.995200 -1254.270200 -1267.019800 -1279.786300 -1292.441900 -1307.366100 -1316.600300 -1317.568900 -1322.798700 -1326.649200 -1329.140000 -1330.319400 -1329.698300 -1323.084200 -1317.268500 -1304.174100 -1285.208400 -1263.140400 -1238.035900 -1204.061200 -1166.736000 -1117.336600 -1063.094500 -985.198900 -921.495500 -851.621900 -748.800200 -671.667800 -603.706200 -544.943800 -486.170900 -392.989000 -283.150600 -239.324100 -167.209800 -57.175300 -3.873400 -6.034200 -7.493800 -3.324400 
-1672.232500 -1671.275300 -1670.305300 -1669.346400 -1668.390400 -1667.437400 -1666.480900 -1665.529400 -1664.586800 -1683.332400 -1708.174400 -1699.098400 -1689.308700 -1678.377200 -1667.262300 -1660.789300 -1655.092400 -1649.866600 -1647.002200 -1646.479000 -1646.190700 -1651.324600 -1652.413800 -1659.474700 -1667.696400 -1676.224500 -1683.614200 -1682.708900 -1670.901800 -1645.304700 -1644.419300 -1643.533500 -1642.640200 -1641.757100 -1640.875400 -1640.001500 -1636.473200 -1631.101200 -1626.376800 -1621.801200 -1619.482100 -1617.501100 -1616.108500 -1616.049500 -1614.551700 -1615.617800 -1614.671600 -1617.051400 -1620.644800 -1626.928300 -1627.163500 -1626.329300 -1625.499500 -1624.667700 -1623.847800 -1623.025700 -1622.202700 -1621.384200 -1620.578800 -1625.456200 -1621.641600 -1610.774600 -1603.685500 -1600.191300 -1595.374800 -1594.404700 -1592.588700 -1592.740400 -1591.774600 -1663.115000 -1680.052900 -1679.608600 -1681.950900 -1689.372300 -1694.281800 -1668.291300 -1658.743100 -1653.391600 -1635.815200 -1629.479500 -1694.520100 -1731.511100 -1674.269000 -1608.233000 -1517.267700 -1427.398300 -1349.801800 -1298.601500 -1254.356200 -1211.577900 -1175.159500 -1158.947300 -1126.748500 -1087.866300 -594.210500 -638.707300 -682.967300 -721.051700 -758.302300 -801.818000 -837.723200 -872.183500 -905.089800 -936.729900 -966.979600 -995.512700 -1022.214400 -1054.325700 -1075.315600 -1089.141500 -1103.672400 -1121.925300 -1137.639500 -1145.242200 -1156.421900 -1177.912900 -1192.512500 -1203.744600 -1214.569900 -1227.333900 -1238.268900 -1252.214200 -1261.385900 -1260.667500 -1264.978700 -1267.893600 -1269.555200 -1269.928400 -1268.752700 -1266.100600 -1256.211600 -1239.503300 -1221.358700 -1198.751900 -1175.235200 -1141.938200 -1104.288500 -1060.206600 -1008.899700 -933.608900 -872.876700 -790.799500 -704.144400 -635.229300 -574.616100 -518.531000 -465.579500 -391.509600 -282.353300 -228.151100 -165.534000 -63.332500 -6.119900 -6.477800 -7.845400 -5.010800 
-1612.616500 -1612.594700 -1611.639600 -1610.680400 -1609.726500 -1608.772500 -1607.828100 -1606.839500 -1605.864500 -1624.158300 -1651.455700 -1641.465300 -1630.836200 -1619.295100 -1608.868400 -1600.269800 -1595.073800 -1591.325900 -1589.642200 -1587.113300 -1589.041000 -1590.168100 -1592.934900 -1598.991500 -1607.937400 -1617.151400 -1625.687800 -1633.979000 -1629.788900 -1586.736800 -1585.848600 -1584.971400 -1584.050000 -1583.140800 -1582.337800 -1581.471100 -1578.021800 -1572.564100 -1567.286900 -1565.337700 -1562.456000 -1561.143300 -1560.400700 -1557.000800 -1558.487400 -1558.089200 -1559.745600 -1559.419000 -1566.235000 -1568.519500 -1568.794500 -1567.969400 -1567.153500 -1566.325800 -1565.510400 -1564.686100 -1563.936200 -1563.132600 -1571.636900 -1566.883000 -1563.519800 -1552.274100 -1544.951000 -1541.401800 -1539.886200 -1537.157800 -1534.521700 -1533.794000 -1588.285500 -1623.683200 -1625.398800 -1622.432600 -1622.790000 -1639.719400 -1637.292900 -1613.477900 -1612.013700 -1594.625200 -1576.827300 -1566.559400 -1627.288700 -1668.164100 -1611.544100 -1552.332100 -1465.688200 -1385.704000 -1308.355600 -1259.817500 -1222.039700 -1185.240000 -1156.118800 -1139.644500 -1117.405500 -1094.219800 -615.726100 -614.176100 -656.836700 -693.396600 -727.890700 -769.861100 -804.058900 -836.716400 -868.026000 -898.198200 -927.147000 -954.517600 -992.634700 -1019.568100 -1031.566400 -1044.746300 -1062.625000 -1077.458000 -1091.851000 -1103.401000 -1114.495200 -1132.926000 -1143.507700 -1153.882400 -1163.865200 -1175.604800 -1185.417100 -1199.008800 -1207.371400 -1205.338800 -1208.702800 -1210.750800 -1211.545200 -1211.385400 -1209.354300 -1204.739700 -1194.248500 -1177.741700 -1158.905100 -1137.354100 -1113.564900 -1081.532200 -1042.735100 -1003.022400 -954.486000 -882.034800 -822.746600 -728.338000 -660.237600 -599.876400 -542.157400 -502.060900 -458.663200 -385.473500 -280.625800 -227.374200 -164.030900 -63.891400 -6.974500 -7.958000 -9.307400 -5.711800 
